-- phpMyAdmin SQL Dump
-- version 5.2.1
-- https://www.phpmyadmin.net/
--
-- Host: 127.0.0.1:3307
-- Generation Time: Jan 09, 2026 at 01:49 PM
-- Server version: 10.4.32-MariaDB
-- PHP Version: 8.2.12

SET SQL_MODE = "NO_AUTO_VALUE_ON_ZERO";
START TRANSACTION;
SET time_zone = "+00:00";


/*!40101 SET @OLD_CHARACTER_SET_CLIENT=@@CHARACTER_SET_CLIENT */;
/*!40101 SET @OLD_CHARACTER_SET_RESULTS=@@CHARACTER_SET_RESULTS */;
/*!40101 SET @OLD_COLLATION_CONNECTION=@@COLLATION_CONNECTION */;
/*!40101 SET NAMES utf8mb4 */;

--
-- Database: `rbmg_admin`
--

-- --------------------------------------------------------

--
-- Table structure for table `admin`
--

CREATE TABLE `admin` (
  `id` int(11) NOT NULL,
  `email` varchar(100) NOT NULL,
  `password` varchar(100) NOT NULL
) ENGINE=InnoDB DEFAULT CHARSET=utf8mb4 COLLATE=utf8mb4_general_ci;

--
-- Dumping data for table `admin`
--

INSERT INTO `admin` (`id`, `email`, `password`) VALUES
(1, 'dev@gmail.com', '1234');

-- --------------------------------------------------------

--
-- Table structure for table `carousel`
--

CREATE TABLE `carousel` (
  `id` int(11) NOT NULL,
  `heading1` varchar(255) NOT NULL,
  `heading2` varchar(255) NOT NULL,
  `button_name` varchar(100) NOT NULL,
  `image` varchar(255) DEFAULT NULL,
  `status` enum('active','inactive') DEFAULT 'active',
  `created_at` timestamp NOT NULL DEFAULT current_timestamp()
) ENGINE=InnoDB DEFAULT CHARSET=utf8mb4 COLLATE=utf8mb4_general_ci;

--
-- Dumping data for table `carousel`
--

INSERT INTO `carousel` (`id`, `heading1`, `heading2`, `button_name`, `image`, `status`, `created_at`) VALUES
(1, 'Trusted Medical Equipment Supplier', 'Delivering top-quality healthcare products to hospitals, clinics, and professionals.', 'Explore Products', '1764164769_692704a14d15d.jpg', 'active', '2025-11-26 08:44:27'),
(2, 'Innovative Solutions for Modern Healthcare', 'Providing advanced medical devices and supplies for better patient outcomes.', 'Shop now', '1764164931_692705439025c.jpg', 'active', '2025-11-26 09:06:43'),
(3, 'Reliable Equipment. Exceptional Service.', 'Supplying trusted medical products with fast delivery and expert support.', 'Contact Sales', '1764164999_6927058713835.jpg', 'active', '2025-11-26 09:07:44');

-- --------------------------------------------------------

--
-- Table structure for table `categories`
--

CREATE TABLE `categories` (
  `id` int(11) NOT NULL,
  `cat_name` varchar(100) NOT NULL,
  `description` varchar(400) NOT NULL,
  `image` varchar(100) NOT NULL,
  `created_at` timestamp NOT NULL DEFAULT current_timestamp(),
  `updated_at` timestamp NULL DEFAULT NULL ON UPDATE current_timestamp(),
  `status` tinyint(4) DEFAULT 1
) ENGINE=InnoDB DEFAULT CHARSET=utf8mb4 COLLATE=utf8mb4_general_ci;

--
-- Dumping data for table `categories`
--

INSERT INTO `categories` (`id`, `cat_name`, `description`, `image`, `created_at`, `updated_at`, `status`) VALUES
(21, 'NICU', 'a specialized hospital unit that provides advanced medical care for newborns who are born prematurely, are critically ill, or have health complications', '1762368620_690b9c6c9b260.jpg', '2025-11-05 18:50:20', '2025-11-17 05:52:31', 1),
(22, 'LAPAROSCOPY', 'Laparoscopy is a minimally invasive surgical procedure that uses a laparoscope, a thin tube with a camera, to view the inside of the abdomen or pelvis through a small incision', '1762368691_690b9cb356829.jpg', '2025-11-05 18:51:31', '2025-11-17 12:04:57', 0),
(23, 'Endoscopy', 'Endoscopy is a medical procedure that uses an endoscope—a long, thin, flexible tube with a camera and light on the end—to examine the inside of the body for diagnostic or therapeutic purposes', '1762368820_690b9d34544b8.jpg', '2025-11-05 18:53:40', '2025-11-17 12:05:18', 0),
(24, 'Surgery Instruments', 'Surgical instruments are specialized tools used by clinicians to perform specific actions during surgery, such as cutting tissue with scalpels, grasping with forceps, or closing wounds with needles', '1762368886_690b9d76c526f.jpg', '2025-11-05 18:54:46', '2025-11-17 12:05:45', 0),
(25, 'Disposables', 'Medical disposables are single-use items, such as syringes, gloves, and masks, that are used once for a patient or procedure and then disposed of.', '1762369720_690ba0b879a68.jpg', '2025-11-05 19:08:40', NULL, 1),
(26, 'Pressure Injector', 'A medical pressure injector, also called a contrast or power injector, is a motorized device that precisely injects contrast media into a patient\'s body for enhanced visualization during imaging procedures like CT and MRI.', '1762369794_690ba102284e1.jpg', '2025-11-05 19:09:54', '2025-11-17 12:06:02', 0),
(27, 'Hospital Projects', 'A hospital project is a comprehensive plan to establish, upgrade, or renovate a healthcare facility, covering aspects from initial planning and architectural design to equipment procurement and operational implementation.', '1762369851_690ba13be7d7e.jpg', '2025-11-05 19:10:51', '2025-11-17 12:06:18', 0),
(28, 'Heart Lung Machine', 'A heart-lung machine, or cardiopulmonary bypass machine, is a device that temporarily takes over the function of the heart and lungs during open-heart surgery.', '1762369920_690ba1802f2df.jpg', '2025-11-05 19:12:00', NULL, 1),
(29, 'IABP Machine', 'An IABP machine is a medical device used to temporarily help a weakened heart pump blood more efficiently. ', '1762370045_690ba1fd73538.jpg', '2025-11-05 19:14:05', NULL, 1),
(30, 'Defibrillator', 'A defibrillator is a medical device that delivers an electric shock to the heart to correct life-threatening irregular rhythms (arrhythmias) during sudden cardiac arrest.\r\n', '1762370107_690ba23b2dc17.jpg', '2025-11-05 19:15:07', NULL, 1),
(31, 'External Pacemaker', 'An external pacemaker is a temporary medical device used to treat abnormal heart rhythms by delivering electrical pulses to maintain an adequate heart rate. ', '1762370182_690ba286950aa.jpg', '2025-11-05 19:16:22', NULL, 1),
(32, 'ECMO', 'An ECMO (Extracorporeal Membrane Oxygenation) machine is a form of life support that acts as an artificial heart and lung.', '1762370249_690ba2c983013.jpg', '2025-11-05 19:17:29', NULL, 1),
(33, 'Heater Cooler', 'A medical heater-cooler machine maintains a patient\'s temperature during surgery by heating or cooling a fluid, typically water, which is then circulated through external circuits like blankets or heat exchangers. ', '1762370312_690ba30837f31.jpg', '2025-11-05 19:18:32', NULL, 1),
(34, 'Anesthesia Machine', 'An anesthesia machine is a medical device that delivers a precise mixture of anesthetic gases, such as oxygen and inhaled anesthetics, to a patient during surgery.', '1762370378_690ba34a7bc6e.jpg', '2025-11-05 19:19:38', NULL, 1),
(35, 'Cautery Machine', 'A cautery machine is a medical device that uses heat, chemicals, or energy to cut tissue, remove abnormal tissue, or stop bleeding during surgical procedures.\r\n', '1762370454_690ba3961a532.jpg', '2025-11-05 19:20:54', '2025-11-17 12:07:03', 0),
(36, 'Vessel Sealer', 'A medical vessel sealer machine is a surgical instrument that uses a combination of pressure and energy (like bipolar electricity) to permanently seal blood vessels and other tubular structures.\r\n', '1762370535_690ba3e7f0ea3.jpg', '2025-11-05 19:22:15', '2025-11-17 12:07:20', 0),
(37, 'Harmonic Scalpel', 'A Harmonic Scalpel is a surgical device that uses ultrasonic energy to simultaneously cut and coagulate tissue.\r\n', '1762370592_690ba4203686d.jpg', '2025-11-05 19:23:12', NULL, 1),
(38, 'Ventilator', 'A medical ventilator is a machine that helps or replaces a person\'s breathing, moving air in and out of the lungs to assist with the exchange of oxygen and carbon dioxide.\r\n', '1762370642_690ba452d54e6.jpg', '2025-11-05 19:24:02', NULL, 1),
(39, 'Ventilator Portable', 'A portable ventilator is a compact, lightweight medical device that provides mechanical breathing support to patients who cannot breathe adequately on their own, allowing for mobility during transport or use in a home environment.', '1762370702_690ba48ecfa39.jpg', '2025-11-05 19:25:02', '2025-11-17 12:07:55', 0),
(40, 'Patient Monitor', 'A patient monitor machine is a medical device that continuously measures and displays a patient\'s vital signs in real-time, providing healthcare professionals with crucial data like heart rate, blood pressure, oxygen saturation (\\(SpO_{2}\\)), and body temperature.', '1762370779_690ba4dbe4564.jpg', '2025-11-05 19:26:19', NULL, 1),
(41, 'Syringe Pump', 'A medical syringe pump is a mechanical device that precisely delivers small, controlled amounts of fluids, such as medications or nutrients, to a patient over a specific time period.', '1762370835_690ba513840e7.jpg', '2025-11-05 19:27:15', '2025-11-17 12:08:28', 0),
(42, 'Infusion Pump', 'An infusion pump is a medical device that delivers fluids, such as medications, nutrients, or insulin, into a patient\'s body in controlled and precise amounts...', '1762370901_690ba5558765a.jpg', '2025-11-05 19:28:21', '2025-11-17 12:08:36', 0),
(47, 'Cardiology', 'Cardiology is the branch of medicine dedicated to the study, diagnosis, treatment, and prevention of diseases and disorders of the heart and the entire circulatory (cardiovascular) system', '1762758698_Cardiology.jpg', '2025-11-10 07:11:38', NULL, 1),
(49, 'OT', 'Operation Theatre, a sterile facility for surgical procedures, or Occupational Therapy, a healthcare service that helps patients perform daily activities', '1763367899_OT.jpg', '2025-11-17 08:24:59', NULL, 1),
(50, 'ICU', 'Patients in the ICU are monitored closely by specialized healthcare providers, who can respond immediately to life-threatening emergencies.\r\n', '1763367972_ICU.jpg', '2025-11-17 08:26:12', NULL, 1);

-- --------------------------------------------------------

--
-- Table structure for table `enquiries`
--

CREATE TABLE `enquiries` (
  `id` int(11) NOT NULL,
  `name` varchar(255) NOT NULL,
  `email` varchar(255) NOT NULL,
  `phone` varchar(20) DEFAULT NULL,
  `subject` varchar(100) NOT NULL,
  `message` text NOT NULL,
  `status` enum('unread','read') DEFAULT 'unread',
  `created_at` timestamp NOT NULL DEFAULT current_timestamp()
) ENGINE=InnoDB DEFAULT CHARSET=utf8mb4 COLLATE=utf8mb4_general_ci;

--
-- Dumping data for table `enquiries`
--

INSERT INTO `enquiries` (`id`, `name`, `email`, `phone`, `subject`, `message`, `status`, `created_at`) VALUES
(2, 'Saurabh Kumar', 'saurabhkumarssp@gmail.com', '7705839870', 'abc', 'xyz', 'unread', '2025-11-15 05:08:20'),
(3, 'Saurabh Kumar', 'wef@gmail.com', '770jbwqi', '234', 'sd', 'unread', '2025-11-15 05:09:28'),
(4, 'Saurabh Kumar', 'jhhbjb@gmail.com', '4565', 'kjger', 'jker', 'unread', '2025-11-15 13:32:54'),
(5, 'jbhr', 'jh34@gmail.com', 'hueg', 'ygut', 'hur', 'unread', '2025-11-15 13:33:13'),
(7, 'Saurabh Kumar', 'sk25808900@gmail.com', '7705839870', 'for footer', 'done!', 'unread', '2025-11-17 07:32:51'),
(8, 'Saurabh ', 'sk25808900@gmail.com', '656', 'cj', 'jkasn', 'unread', '2025-11-17 12:40:03'),
(9, 'uym', 'djh@jnre.com', 'ih4f', 'hu', '45g', 'unread', '2025-11-25 07:48:53'),
(10, 'jbhu', 'kjg@krf.com', 'jbgrhu', 'jhrf', '4iu', 'unread', '2025-11-25 07:54:42'),
(11, 'jbhu', 'kjg@krf.com', 'jbgrhu', 'jhrf', '4iu', 'unread', '2025-11-25 07:55:42'),
(12, 'jbhu', 'kjg@krf.com', 'jbgrhu', 'jhrf', '4iu', 'unread', '2025-11-25 07:59:46'),
(13, 'jbhu', 'kjg@krf.com', 'jbgrhu', 'jhrf', '4iu', 'unread', '2025-11-25 08:05:03'),
(14, '8y', 'iu@r', 're@oij', 'vee', 'vew', 'unread', '2025-11-25 08:43:35'),
(15, 'uyk', 'yjt@kj', '98', 'th5htthr', 'tn', 'unread', '2025-11-25 08:55:54'),
(16, 'thy', 'rbg@iuh3f', '896', 'th', 'tr', 'unread', '2025-11-25 09:04:07'),
(17, 'rt', 'trj@jhb', '45', 'jh', 'uyg', 'unread', '2025-11-25 09:07:56');

-- --------------------------------------------------------

--
-- Table structure for table `messages`
--

CREATE TABLE `messages` (
  `id` int(11) NOT NULL,
  `name` varchar(100) NOT NULL,
  `email` varchar(100) NOT NULL,
  `phone` varchar(20) DEFAULT NULL,
  `subject` varchar(255) DEFAULT NULL,
  `message` text NOT NULL,
  `status` enum('read','unread') DEFAULT 'unread',
  `created_at` timestamp NOT NULL DEFAULT current_timestamp()
) ENGINE=InnoDB DEFAULT CHARSET=utf8mb4 COLLATE=utf8mb4_general_ci;

--
-- Dumping data for table `messages`
--

INSERT INTO `messages` (`id`, `name`, `email`, `phone`, `subject`, `message`, `status`, `created_at`) VALUES
(12, 'Saurabh Kumar', 'saurabhkumarssp@gmail.com', '6387918051', 'For footer section improvement', 'Done!', 'read', '2025-11-11 13:35:08'),
(13, 'Saurabh Kumar', 'sk25808900@gmail.com', '6387918051', 'jer', 'jhef', 'unread', '2025-11-17 07:45:23'),
(14, 'Saurabh Kumar', 'sk25808900@gmail.com', '6387918051', 'jer', 'jhef', 'unread', '2025-11-17 08:01:09'),
(15, 'saurabh', 'sk25808900@gmail.com', '635523265', 'done', 'hgyu', 'unread', '2025-11-17 12:36:43'),
(16, 'Saurabh Kumar', 'saurabhkumarsfd@gmail.com', '07705839870', 'kjhrk', '54', 'unread', '2025-11-17 13:22:31'),
(17, 'hd', 'saurabhkumarssp@gmail.com', '07705839870', 'u', 'iu', 'unread', '2025-11-17 13:25:50'),
(18, 'hre', 'j@gmail.com', '95', 'ydyti', 'nkfyi', 'unread', '2025-11-17 13:27:29'),
(19, 'hu', 'hu@gmail.com', '596156', 'iug79t796t', 'uy', 'unread', '2025-11-17 13:29:58'),
(20, '79856', '98@gmail.com', '01111111111', '564196', 'iuh', 'unread', '2025-11-17 13:30:15'),
(21, 'Saurabh Kumar', 'uogef@gmail.com', '656', 'uygiouyu', '46', 'unread', '2025-11-17 13:34:53'),
(22, 'Saurabh Kumar', 'gopalsingh@gmail.com', '8909876767', 'ghr jana hai', 'kaise jye ghr', 'unread', '2025-11-17 13:45:01');

-- --------------------------------------------------------

--
-- Table structure for table `products`
--

CREATE TABLE `products` (
  `id` int(11) NOT NULL,
  `category_id` int(11) NOT NULL,
  `name` varchar(255) NOT NULL,
  `description` text NOT NULL,
  `price` decimal(10,2) NOT NULL,
  `specification` text NOT NULL,
  `image` varchar(255) NOT NULL,
  `created_at` timestamp NOT NULL DEFAULT current_timestamp(),
  `updated_at` timestamp NULL DEFAULT NULL ON UPDATE current_timestamp()
) ENGINE=InnoDB DEFAULT CHARSET=utf8mb4 COLLATE=utf8mb4_general_ci;

--
-- Dumping data for table `products`
--

INSERT INTO `products` (`id`, `category_id`, `name`, `description`, `price`, `specification`, `image`, `created_at`, `updated_at`) VALUES
(1, 21, 'Maquet Servo-n Features', 'The Maquet Servo-N is a neonatal ventilator. The Servo-N System helps provide ventilation support to the neonate while protecting the lungs, brain and other developing organs of the baby. offering both invasive and non-invasive ventilation with a variety of different modes, along with monitoring and diagnostic feature can improve the quality of breathing for the baby, allowing it to rest and grow. through the Servo- N you can monitor the Newborn’s respiratory rate, small tidal volumes, irregular breathing patterns and short inspiratory times.', 599999.00, 'Height (Includes user interface): 32.5 in (82.6 cm)\r\nWidth: 14.4 In (36.8 cm)\r\nDepth: 8.1 In (20.5 cm)\r\nApprox. 50 lb 11 oz (23 kg)\r\nPatient unit 33 lb 1 oz (15 kg)\r\nUser interface 8 lb 13 oz (4 kg)\r\nHandle 7 lb (3 kg)\r\nCable holder and cable 2 lb 3 oz (1 kg)\r\n', '1763368440_Maquet Servo-n Features.jpg', '2025-11-17 08:34:00', NULL),
(2, 47, 'Iabp Datascope Cs300 98xt Maquet', 'The IABP assists the heart indirectly by decreasing the afterload and augments diastolic aortic pressure with subsequent enhancement in diastolic blood flow resulting in better perfusion of the peripheral organ as well as a possible improvement in the coronary blood flow.', 500000.00, 'Item Code: CS300DATASCOPE\r\nProduction Capacity: NA\r\nDelivery Time: 3-4 DAYS\r\nPackaging Details: WOODEN AND BOX PACKING AS PER THE REQUIREMENST', '1763368612_Iabp Datascope Cs300 98xt Maquet.jpg', '2025-11-17 08:36:52', NULL),
(3, 47, 'CSZ Hemotherm 400CE Sub Zero Cooler', 'The CSZ Hemotherm 400CE dual reservoir heater/cooler is used to lower, maintain, or raise the temperature of the water flowing through a blood oxygenator/heat exchanger that is used to cool or warm blood during cardiopulmonary bypass procedures lasting 6 hours or less. This Sub Zero cooler may also be used with a hyper/hypothermia blanket under the patient to provide warming through conductive heat transfer.', 1000000.00, 'Height: 32” (81 cm)\r\nWidth: 22” (56 cm)\r\nDepth: 22” (56 cm)\r\nWeight: 198 lbs ( 89.8 kg)\r\nCool: 8 qts (7.6 liters)\r\nHeat: 6 qts (5.7 liters)\r\nReservoir Fluid: Distilled Water Only\r\nReservoir Opening: Easy-to-fill\r\nReservoir Construction: Plastic\r\n13 Liters/Minute (3.5 GPM) through self-sealing quick connect fittings\r\n15 Liters/Minute (4 GPM) with flow through quick connect fittings\r\n12.5 PSI – Heat Exchanger and Blanket', '1763368752_CSZ Hemotherm 400CE Sub Zero Cooler.jpg', '2025-11-17 08:39:12', NULL),
(4, 47, 'CSZ Hemotherm 400MR Sub Zero Cooler', 'The CSZ HEMOTHERM 400MR Cooler/Heater system is used to lower/raise the blood temperature and/or maintain blood temperature, as required, through conductive heat transfer. The conductive heat transfer on the Sub Zero cooler is accomplished through any type of blood oxygenator/heat exchanger unit, along with the use of a blanket under the patient for the re-warming phase, if desired.', 590000.00, 'Height: 32 in (81.3 cm)\r\nWidth: 22in (55.9 cm)\r\nDepth: 22 in (55.9 cm)\r\nWeight: 198lbs (89.8 kg)\r\nCool: 8 qts. (7.6 liters)\r\nHeat: 6 its (5.7 liters)\r\nReservoir Fluid: Use only sterile water or water that has been passed through a filter of less than or equal to 0.22 microns.\r\nReservoir Opening: Easy-to-Fill\r\nReservoir Construction: Plastic\r\n13 Liters/Minute through self-sealing Hansen Fittings\r\n15 Liters/Minute with flow through Hansen Fittings\r\n12.5 PSI – Blanket Connection Quick Disconnect Fittings\r\n1 Set ½” Hansen Fittings for Heat Exchanger\r\n1 Set 1/8″ Hansen Fittings for Blanket\r\n1 Set ¼” Hansen Fittings for draining (on unit)\r\n1 Additional set ½” Hansen Fittings included for tubing', '1763368892_CSZ Hemotherm 400MR Sub Zero Cooler.jpg', '2025-11-17 08:41:32', NULL),
(5, 47, 'Datascope Cs100 Iabp Machine', 'An intra-aortic balloon pump (IABP) is a mechanical device that helps the heart pump blood. This device is inserted into the aorta, the body’s largest artery. It is a long, thin tube called a catheter with a balloon on the end of it.', 450000.00, 'Delivery Time: 1-2 DAY\r\nPackaging Details: BOX AND PLY WOOD BOTH PACKING AVAILABLE AS PER THE DEMAND.', '1763368972_Datascope Cs100 Iabp Machine.jpg', '2025-11-17 08:42:52', NULL),
(6, 47, 'LivaNova Sorin Stockert 3T', 'The LivaNova Sorin Stockert 3T is a heater-cooler that is used during cardiopulmonary bypass. The System is used to help regulate the patient’s blood during cardiac, vascular, and transplant procedures. The Stockert 3T system can work independently from the water supply in an operating room. It comes with three different water tanks that control the warming and cooling cardioplegias along with the patient temperature. Each one of these is on its own separate circuit and can be run simultaneously. The Sorin Stockert heating and cooling of the system runs off of one circuit while the patient temperature runs off of two circuits. The water in the LivaNova 3T does not come in contact with the patient’s or the patient’s blood during a procedure.', 520000.00, 'Height: 33.2 in (97.5 cm)\r\nWidth: 19.8 in (50 cm)\r\nDepth: 26.8 in (68 cm)\r\nWeight: 228.5 lbs (102 kg)\r\nOperating Temperature: 10 °C through 30 °C Note: Cooling performance might be reduced at operating temperatures greater than 25 °C.\r\nRelative Humidity: 30% through 75%\r\nOperating altitude (atmospheric pressure): 0 … 2,000 m (700hPa … 1,060 hPa)\r\nPower Needed, VAC: 110/220-240\r\nNumber: 6 (3 circuits)', '1763369086_LivaNova Sorin Stockert 3T.jpg', '2025-11-17 08:44:46', NULL),
(7, 47, 'LivaNova Sorin Stockert S5', 'The LivaNova Sorin Stockert S5 is the 5th generation of the perfusion heart-lung machine. The S5 offers state-of-the-art hardware and technology. The Sorin heart-lung machine has a similar design to the Sorin Xtra system – making it more flexible and configurable in different situations. The Stockert S5 system can be configured to hold three roller pumps to a full system which includes five roller pumps and a monitoring system. The system consists of different components that can be included in your system; Roller pumps, double roller pumps, a centrifugal pump, and a system panel. Each roller pump has an independent touchscreen control panel that can be adjusted using a knob to set the speed of the electronics in the pump.', 588880.00, 'Console for 3 to 5 roller pumps. 2 Additional roller pumps can be mounted on the mast.\r\nPanel with 3, 4, or 6 display modules.', '1763369180_LivaNova Sorin Stockert S5.jpg', '2025-11-17 08:46:20', NULL),
(8, 47, 'Maquet Hl 20 Heart Lung Machine', 'A proven complete perfusion system: The Maquet HL 20 combines the superior technology for cardiopulmonary surgery with the clear and concise handling necessary for safe and effective patient management. The HL 20 is offered in a range of configurations that meet the demanding needs of clinicians.', 3500000.00, 'Not Available', '1763369360_Maquet Hl 20 Heart Lung Machine.jpg', '2025-11-17 08:49:20', NULL),
(9, 47, 'Maquet Rotaflow Pump With Medtronic Bio-Cal 370', 'Soma Tech Intl offers full ECMO setups for up to 50% below the cost of new ones with the same service and warranty contracts from the manufacturer. Our ECMO machines are fully refurbished and reconditioned mechanically and technically, which ensures the ECMO device functions like new ones. This extracorporeal membrane oxygenation setup comes with the Maquet Rotaflow centrifugal pump, the Medtronic Bio-Cal 370 heater/cooler system, and a blender.', 580000.00, 'Medtronic Bio-Cal 370 Temperature Controller\r\nThe Medtronic Bio-Medicus Bio-Cal 370 Temperature Controller is a microprocessor-controlled heater/cooler system that helps control patients’ blood temperature through a variety of heat exchangers. It features three temperature probe displays for monitoring remote temperatures. The Medtronic Bio-Cal brings water to a set temperature between 0 and 42 degrees. Although the Medtronic 370 does not store data, the unit was an RS232/422/485 port to connect a computer or serial printer. This heater/cooler system can hold 8.5 liters in the reservoir.', '1763369494_Maquet Rotaflow Pump With Medtronic Bio-Cal 370.jpg', '2025-11-17 08:51:34', NULL),
(10, 47, 'Medtronic External Pacemaker', 'A proven complete perfusion system: The Maquet HL 20 combines the superior technology for cardiopulmonary surgery with the clear and concise handling necessary for safe and effective patient management. The HL 20 is offered in a range of configurations that meet the demanding needs of clinicians.', 100000.00, 'Not Available', '1763369618_Medtronic External Pacemaker.jpg', '2025-11-17 08:53:38', NULL),
(11, 47, 'Philips Heartstart MRx', 'The Philips Heartstart MRx is a lightweight, portable monitor/defibrillator. with the capability to offer four different modes of operation; monitor, manual Defibrillate, AED, and pacing. The Heartstart MRx defibrillator was designed to provide both monitoring and resuscitation by using mutual-parameter functions, including algorithms and options for transferring data to, a full range of defibrillation therapies. The Heartstart MRx is fast and reliable with 12-lead ECG and advanced STEMI support. The MRx has a large 8-inch color screen displaying up to 4 waveforms and numerics. The Philips Heartstar MRx additionally monitors other parameters: arrhythmia detection', 15000000.00, 'Width: 12.4 in (31.3 cm)\r\nDepth: 8.3 in (21 cm)\r\nHeight: 11.7 in (29.5 cm)\r\n13.2 lb (6kg): Base unit with 1 MRx battery, pads, and pads cable.\r\n+4.1 lb (1.86 kg): With added MRx carrying case.\r\n+2.5 lbs. (1.1 kg): With added MRx paddle tray and external standard paddles.', '1763369684_Philips Heartstart MRx.jpg', '2025-11-17 08:54:44', '2025-11-17 08:56:05'),
(12, 47, 'HeartStart XL M4735A Features', 'The Philips HeartStart XL M4735A defibrillator and monitor is designed to meet your resuscitation and monitoring needs. The HeartStart XL is lightweight, portable, and a semi-automatic external defibrillator. It offers two modes of operation; Automated External Defibrillation (AED) Mode and Manual Mode. Both modes incorporate low energy SMART Biphasic waveform for defibrillation. When in AED mode, the HeartStart analyzes the patient’s ECG and advises you whether or not to deliver a shock.\r\n\r\nIn AED Mode, the HeartStart analyzes the patient’s ECG and advises you whether or not to deliver a shock. Voice prompts guide you through the defibrillation process by providing instructions and patient information. Voice prompts are reinforced by messages that appear on the display.\r\n\r\nIn Manual Mode, the M4735A HeartStart turns control of the defibrillation process over to you. You assess the patient’s ECG and select the energy settings for defibrillation if necessary. Manual Mode also allows you to perform synchronized cardioversion and offers noninvasive pacing (optional).\r\n\r\nThe HeartStart is powered by AC power and a rechargeable sealed lead-acid (SLA) battery which allows charging to 200 joules in less than three seconds. Proper care of your batteries will ensure that they have the energy required to operate the M4735A and to deliver the appropriate therapy.', 2500000.00, 'Height: 7.5 in (19 cm)\r\nWidth: 14.8 in (37.6 cm)\r\nDepth: 13.7 in (34.6 cm)\r\nWeight: 13.2 lbs (6 kg)\r\nType: HeartStart Rechargeable Sealed lead acid\r\nOperating Time: About 100 minutes\r\nCharging Time: About 14.5 hours\r\nPower: 2 Ah, 1\r\nAC Line Powered: 100-240 VAC, 50/60 Hz, 1.5 A\r\nSize: 2.5, 5, 10, 20, 40 mm/mV\r\nHeart Rate: 15 to 300 bpm\r\nInputs: 3 or 5-lead patient cable', '1763369870_HeartStart XL M4735A Features.jpg', '2025-11-17 08:57:50', NULL),
(13, 49, 'Ethicon 300 Harmonic Scalpel', 'The Ethicon 300 ultraprecision harmonic scalpel utilizes ultrasonic energy to enable hemostatic cutting and coagulation of soft tissue. The Ethicon Harmonic Generator 300 consists of the ultrasonic generator, optional footswitch, an optional hand switching adaptor, and an option handpiece. This generator is for soft tissue incision when bleeding control and minimum thermal injury are desired. It can be used as an adjunct to or substitute for electrosurgery, lasers, and steel scalpels.\r\n\r\nIndicated for soft tissue incisions when bleeding control and minimal thermal injury are desired\r\nUtilizes energy to enable haemostatic cutting and/or coagulation of soft tissue\r\n5 power levels', 4500000.00, 'Height: 5.3 in (13 cm)\r\nWidth: 14.5 in (37 cm)\r\nDepth: 15.2 in (39 cm)\r\nWeight: 7.48 kg\r\nVoltage: 100-240 VAC\r\nFrequency: 50/60 Hz\r\nCurrent Consumption: 3 amp\r\nTemperature 10˚C to 40˚C\r\nHumidity: 10-90% non-condensing\r\nAtmospheric Pressure Range: 700hPa-1060hPa', '1763370021_Ethicon 300 Harmonic Scalpel.jpg', '2025-11-17 09:00:21', NULL),
(14, 49, 'Ethicon G110', 'Utilizes ultrasonic energy to enable hemostatic cutting and/or coagulation of tissue\r\nThe system includes an Ultrasonic Generator, a foot switch, and a hand piece\r\nIndicated for incising tissue when bleeding control and minimal thermal injury are desired\r\nOffers greater precision in tight spaces near vital structures', 55000000.00, 'Frequency: 55.5 kHz (output)\r\nDimensions: 14” Wide x 8” High x 12” Deep. Weight: Approximately 20 lbs\r\nPower Requirement: 115 VAC, 60 Hz, 2 Amps, 230 Watts max\r\nFusing: Two, 3 AG Slow Blow 1⁄4” x 1 1⁄4”, 2 Amps, located in the power entry module. Three, internal, 5 mm x 20 mm Slow Blow, 1@ 1 Amp, 1 @ 0.25 Amps, and 1 @ 1.6 Amps\r\nAir Pressure: 6 psi Max\r\nAir Flow: Approximately 20 liters per minute\r\nVentilation: At least 2” in rear of the unit and the bottom vents should not be obstructed\r\nDimensions: Length: hand piece: 7”; cable: 10’. Weight: 6 ounces\r\nConnectors: Electric – 7 pin. Air – 1⁄4” CPC\r\nSterilization: Steam or EtO\r\nSwitch: Dual SPST, Normally Off\r\nVoltage: 12 Volts maximum at .010 Amps\r\nCable: 3 conductor, shielded\r\nPower Cord: 15 foot, 3 conductor, 16 AWG, Grounded hospital grade power cord, terminated with IEC 320 connector', '1763370178_Ethicon G110.jpg', '2025-11-17 09:02:58', NULL),
(15, 49, 'GE Aestiva', 'The GE Aestiva/5 MRI is an MRI compatible anesthesia machine. The compact design and small footprint of the Aestiva/5 MRI make it easy to move to either an MRI Suite or an Operating Room when needed. The Aestiva 5 MRI features the standard Datex-Ohmeda user interface like the Aestiva 5, along with ventilation of the SmartVent technology and the advanced breathing system. Coming with two options for ventilators the 7100 and the 7900 SmartVent. The Aestiva 5 MRI comes with an integrated alarm system that warns the operator when the machine is located in an MRI magnetic fringe field in excess of 300 gausses. The GE anesthesia machine offers low and minimal flow anesthesia along with reducing agent consumption.', 4500000.00, 'Height: 59.8 in (152 cm)\r\nWidth: 38.4 in (97.5 cm)\r\nDepth: 32.7 in (83 cm)\r\nWeight: ~ 300 lb (136 kg)\r\nVolume Control\r\nPressure Control\r\nSynchronized Intermittent Mandatory Ventilation (SIMV) (optional)\r\nPressure Support (PSVPro) with Apnea Backup ventilation (optional)\r\nVentilator (VT) parameter ranges\r\nPower Input\r\nUSA/Canada/Mexico: 120 Vac, 60 Hz, 10A\r\nEuro: 220-240 Vac, 50 Hz, 6A\r\nItaly/France/Belgium: 230 Vac, 50 Hz, 6A\r\nJapan: 100 Vac, 50 or 60 Hz, 10A\r\nUK: 240 Vac, 50 Hz, 6A', '1763370511_GE Aestiva.jpg', '2025-11-17 09:08:31', NULL),
(16, 49, 'GE Avance CS2', 'The GE Avance CS2 is a compact anesthesia machine that can also be a fully integrated Carestation. The system combines anesthesia delivery, patient monitoring, and data management in one machine. In addition the Avance CS2 anesthesia machine offers ventilation capabilities and uses the GE 7900 Smartvent ventilator with the system. This allows the system to quickly and accurately mix anesthetic gases rapid time when the situation occurs. The Advanced Breathing System in the Avance System helps minimize the number of tubing connections and circuit volume coming from the machine.\r\n\r\nThe Avance SC2 comes with a 15 inch color touch screen display, that offers quick assess to menus and additional settings. There are additional buttons next to the touchscreen that can be used for the most commonly used functions.', 5500000.00, 'Height: 54″ (139 cm)\r\nWidth: 30″ (77 cm)\r\nDepth: 29.9″ (76 cm)\r\nWeight: 324.08 lbs (147 kg)\r\nDiameter: 5.2″ (13 cm)\r\nBrakes: Central Brake\r\nPressure range at inlet: 240 kPa to 700 kPa (35 psig to 100 psig)\r\nPeak gas flow: 120 L/min + fresh gas flow\r\nFlow valve range: 1 to 120 L/min\r\nFlow compensation range: 150 mL/min to 15 L/min\r\n', '1763370661_GE Avance CS2.jpg', '2025-11-17 09:11:01', NULL),
(17, 49, 'GE Datex-Ohmeda Aespire', 'The GE Datex Ohmeda Aespire View is compact, durable, with easy to clean surfaces. It comes with a 12-inch ventilation display that showcases waveforms and alarm indicators. The Aespire offers both anesthesia gases and ventilation at the same time. The Aespire View uses the GE SmartVent 7900 as the ventilator system for the anesthesia machine. The ventilation system makes it easy to minimize the space in the ICU or operating room by combining the Ventilator and the anesthesia machine in one. The Aespire View also comes standard with GE’s advances Breathing System (ABS). This allows the anesthesia machine to work with low circuit volumes as well as low flow anesthesia.', 6500000.00, 'Height: 53.5 in (136 cm)\r\nWidth: 29.5 in (75 cm)\r\nDepth: 29.1 in (74 cm)\r\nWeight: approximately 300 lbs (136 kg)\r\nTidal volume range: 20 to 1500 mL (Volume Control SIMV/PSV and PCV-VG modes); 5 to 1500 mL (Pressure Control Mode)\r\nIncremental settings: 20 to 50 mL (increments of 1 mL); 50 to 100 mL(increments of 5 mL); 100 to 300 mL (increments of 10 mL); 300 to 1000 mL (increments of 25 mL); 1000 to 1500 mL (increments of 50 mL)\r\nMinute volume range: 0 to 99.9 L/min\r\nPressure (PInspired) range: 5 to 60 cm H2O (increments of 1 cm H2O)\r\nPressure (Plimit) range: 12 to 100 cm H2O (increments of 1 cm H2O)\r\nPressure (Psupport) range: Off, 2 to 40 cm H2O (increments of 1 cm H2O)\r\nRate: 4 to 100 breaths per minute for PCV-VG, Volume Control and Pressure Control vent modes. 2 to 60 breaths per minute for SIMV/PSV, PSVPro and SIMV vent modes (increments of 1 breath per minute).\r\nInspiratory/expiratory ratio: 2:1 to 1:8 (increments of 0.5)\r\nInspiratory time: 0.2 to 5.0 seconds (increments of 0.1 seconds) (SIMV and PSVPro vent modes)\r\nTrigger window: 0 to 80% (increments of 5%)\r\nFlow trigger: 0.2 to 1.0 L/min (increments of 0.2 L/min); 1 to 10 L/min (increments of 0.5 L/min)\r\nInspiration termination level: 5 to 75% (increments of 5%)\r\nBackup mode delay: 10 to 30 seconds (increments of 5 seconds)', '1763370787_GE Datex-Ohmeda Aespire.jpg', '2025-11-17 09:13:07', NULL),
(18, 50, 'Drager Evita 2 Dura', 'The Drager Evita 2 Dura is an advanced intensive care Drager ventilator with a simple and versatile operation, a highly responsive flow trigger, and an open breathing system that gives both the patient and the clinician “Room to Breathe”. The standard color screen provides enhanced monitoring. The Drager Evita 2 Dura can be custom built to your order. Features like enhanced graphics, integrated CO2 monitoring or specialized modes like APRV can be added to the system at any time without changing the profile of your device.\r\n\r\nThe Evita 2 dura provides patient and ventilator-related monitoting with user interaction reduced to a minimum. The high-resolution full-color sereen displays comprehensive information on a patient’s status, always showing two ventilation curves and six monitored values, and the screen configuration can be customized to show the most important values for a particular ICU.', 6300000.00, 'Height: 11.4 In (290 cm)\r\nWidth: 20.9 In (530 cm)\r\nDepth: 17.7 In (450 cm)\r\nWeight: Approx. 27 kg (60 lbs)\r\nDiagonal Screen size: 6.5” TFT LCD color Display\r\nIAirway pressure: Peak pressure, plateau pressure, mean pressure, PEEP, min. pressure (0 to 99 mbar/cmH2O)\r\nMinute volume (MV), (BTPS): MV, MVspont, MVleak (0 to 99 L/min)\r\nTidal volume (VT), (BTPS): Inspired VT, expired VT, VTASB (VTPS) (0 to 3999 mL)\r\nBreathing frequency (f): ftotal, fspon, fmand. (0 to 300/bpm)\r\nO2 concentration: (FiO2) Inspired O2 concentration (15 to 100 Vol.%)\r\nLung mechanics: Resistance ((0.0 to 600 mbar/L/s)(cmH2O/L/s) Compliance ((0.0 to 300 mL/mbar)(mL/cmH2O)\r\nBreathing gas temperature: 18°to 51°C\r\nWaveforms: Airway pressure-time, flow-time, volume-time, …\r\nTrends (optional): FiO2, MV, VT, f, PEEPi, R, C, etCO2, …\r\nLoops (optional): Paw-V, V-Flow, Flow-Paw, …\r\nCapnography (etCO2) (optional): 0 to 100 mmHg\r\nCO2 production (VCO2): 0 to 999 mL/min, STPD\r\nSerial dead space Vds: 0 to 999 mL, BTPS', '1763370900_Drager Evita 2 Dura.jpg', '2025-11-17 09:15:00', NULL),
(19, 50, 'Drager Evita 4', 'The Drager Evita 4 is a ventilator that can be used on Adults, Pediatrics, and Neonates. This ventilator can also be used on premature babies utilizing the NeoFlow option. It’s a time-cycled, constant-volume long-term ventilator. It was designed to meet the demanding requirements of the ICU environment by improving the interactions between the patient, ventilator, and clinician. The Evita 4 has a functional touch screen that continually provides the clinician information on ventilator settings, patient measurements and advanced trending capabilities which enhances the operation of the device. Unique features and modalities such as AutoFlow and APRV are standard on all Evita ventilators.', 5580000.00, 'Height: 11.4 inches (29 cm)\r\nWidth: 20.9 inches (53 cm)\r\nDepth: 17.7 inches (45 cm)\r\nWeight: 60 lb (27 kg)\r\nType: Color TFT Color Display\r\nSize: 6.5″ (diagonal)\r\nAirway pressure: Peak pressure, plateau pressure, mean pressure, PEEP, min. pressure (0 to 99 mbar/cmH2O)\r\nMinute volume (MV), (BTPS): MV, MVspont, MVleak (0 to 99 L/min)\r\nTidal volume (VT), (BTPS): Inspired VT, expired VT, VTASB (VTPS) (0 to 3999 mL)\r\nBreathing frequency (f): ftotal, fspon, fmand. (0 to 300/bpm)\r\nO2 concentration: (FiO2) Inspired O2 concentration (15 to 100 Vol.%)\r\nLung mechanics:\r\nResistance ((0.0 to 600 mbar/L/s)(cmH2O/L/s)\r\nCompliance ((0.0 to 300 mL/mbar)(mL/cmH2O)\r\nBreathing gas temperature: 18°to 51°C\r\nWaveforms: Airway pressure-time, flow-time, volume-time, …\r\nTrends (optional): FiO2, MV, VT, f, PEEPi, R, C, etCO2, …\r\nLoops (optional): Paw-V, V-Flow, Flow-Paw, …\r\nCapnography (etCO2) (optional): 0 to 100 mmHg\r\nCO2 production (VCO2): 0 to 999 mL/min, STPD\r\nSerial dead space Vds: 0 to 999 mL, BTPS\r\nDead space ventilation (Vds/VT): 0 to 99%\r\nO2 saturation: SpO2, pulse', '1763370987_Drager Evita 4.jpg', '2025-11-17 09:16:27', NULL),
(20, 50, 'Drager Evita XL', 'The Drager Evita XL ventilator is a feature-rich design that helps caregivers deliver optimal ventilation from implementation to the weaning process. The monitor quickly responds to individual patient requirements and ventilation situations, increasing patient comfort, and safety.\r\n\r\nThe Drager Evita XL Ventilator offers mask ventilation with NIV plus, which in many cases reduces the need for intubation. When intubation is necessary, the ventilator’s integrated CO2 monitoring helps caregivers ensure correct placement and metabolic stability. Select workflow support functions, including routine O2 suction or automatic P0.1 measurement, can also simplify clinical routines. A unique trolley system allows staff to easily maneuver the Drager Evita ventilator throughout the care facility.', 2600000.00, 'Dimensions: 20.9” (530 mm) W x 12.4 (315 mm) H x 17.7”(450 mm) without trolley\r\nScreen: 15” (381 mm) TFT color touch-screen\r\nWeight: Approx. 64 lbs (50 kg) basic unit\r\nMains power connection: 100 to 240 V, 50/60 Hz, 10 to 30 V DC\r\nPower consumption: Approx. 125 W\r\nGas supply operating pressure: O2 air: 2.7 to 6 bar / 30 to 87 PSI', '1763371075_Drager Evita XL.jpg', '2025-11-17 09:17:55', NULL),
(21, 50, 'Drager Savina', 'The Drager Savina is a ventilator that can be used on a wide range of patients from pediatrics to adults. The System offers a variety of ventilation modes that allows for spontaneous breathing in all modes. With an internal turbine, there is no need for an air cylinder and external compressor anymore. The Savina was designed to be easy to read with a bright, high-resolution screen. The Savina offers both invasive and non-invasive ventilation. With the machine’s open breathing system with an integrated alarm system making it a flexible system that can easily be adapted for each patients ventilation situation.\r\n\r\nAdvanced, high-quality ICU ventilator that offers excellent ventilation performance combined with easy operation\r\nDesigned for both adult and pediatric ventilation, the Savina provides advanced therapy at any acuity level\r\nComprehensive safety concept\r\nIncreased flexibility\r\nSupports the recovery process at every stage\r\nSimple and effective user interface', 8500000.00, 'Height: 156.1 in (383 mm)\r\nWidth: 15 in (180 mm)\r\nDepth: 14.1 in (358 mm)\r\nWeight (basic device): 53 lbs (24 kg)\r\nDiagonal Screen Size: 6.1 in TFT color Screen\r\nAir: Turbine technology\r\nO2 Gas Supply:\r\nMaximum flow for pressure assist/spontaneous breathing: 180 L/min\r\nValue response to TO..90: ≤5 ms\r\nControl principle: time-cycled, volume-constant, pressure-controlled\r\nSafety valve opening pressure: 100 mbar (cmh2O)\r\nEmergency value: automatically enables spontaneous breathing with filtered ambientair if air and O2 supply should fail.\r\nAutomatic gas switch-over function if O2 supply fails\r\nOutput for pneumatic medicament nebuliser : Synchronized with inspiration', '1763371185_Drager Savina.jpg', '2025-11-17 09:19:45', NULL),
(22, 50, 'GE Versamed iVent 201', 'The Ge Versamed iVent 201 is a compact Ventilator that is controlled by a microprocessor. It has the capacity to offer the same amount of ventilation as some of the bigger ventilators on the market – just in a smaller, portable design. The iVent 201 is a non-invasive ventilator that runs off of a turbine. With features like NIV, Adaptive flow, and Adaptive I-Time caregivers can maximize the patient’s comfort and make it easier to breathe using the machine. Additional features of the iVent include 72 hours of trending of setting and martinet monitoring, a Programmable nebulizer, built-in SPo2 monitoring, and oxygen blenders. The GE iVent can be used on patients ranging from pediatrics to adults.\r\n\r\n', 6800000.00, 'Height: 13″ (33 cm)\r\nWidth: 9.5″ (24 cm)\r\nDepth: 10.3″ (26 cm)\r\nWeight: Up to 27.8 lb (12.6 kg)\r\nAssist/Control (A/C)\r\nVolume Controlled (A/C)\r\nPressure Controlled (A/C)\r\nSynchronized Intermittent Mandatory Ventilation (SIMV)\r\nVolume Controlled SIMV (Vctrl)\r\nPressure Controlled SIMV (Pctrl)\r\nContinuous Positive Airway Pressure (CPAP) with Pressure Support Ventilation (PSV)\r\nExternal AC: 100 to 240 V, 50 to 60 Hz, Max 1.6 A\r\nExternal DC: 12 to 15 V, Max 8.5 A\r\nInternal battery: Sealed lead-acid 12 V (7.8 Ah) (rechargeable)\r\nOperating time: Depending on ventilator settings and impedance – standard internal up to 2 hours, optional extended internal up to 4 hours, and optional external up to 8 hours.', '1763371273_GE Versamed iVent 201.jpg', '2025-11-17 09:21:13', NULL),
(23, 50, 'Getinge Maquet Servo-S', 'The Getinge Maquet Servo-s ventilator features a wide range of ventilation modes that can be tailored to specific clinical situations. The Servo-s has a large intuitive user-interface that provides valuable decision-support information. This Maquet ventilator has been designed for both shelf mounting and in-hospital transport with a mobile cart. It supports invasive and non-invasive ventilation with leakage compensation for non-invasive ventilation modes for all patient types. If you’re looking for a similar model try the Servo-i ventilator', 5500000.00, 'Height: 20.5” (52 cm)\r\nWidth: 15” (38 cm)\r\nDepth: 11.8” (30 cm)\r\nWeight: 44 lbs (20 kg)\r\nInspiratory tidal volume (ml): 100–2000\r\nInspiratory minute volume (l/min): 0.5–60\r\nApnea, time to alarm (s): 15–45\r\nPC/PS above PEEP (cmH2O): 0–(120 – PEEP)\r\nPC/PS above PEEP in NIV (cmH2O): 0–(62 – PEEP)\r\nPEEP (cmH2O): 0–50\r\nPEEP in NIV (cmH2O): 2–20\r\nCMV frequency (breaths/min): 4–100\r\nSIMV frequency (breaths/min): 1–60\r\nBreath cycle time, SIMV (s): 1–15\r\nPHigh (cmH20): (PEEP + 1)–50\r\nTHigh (s): 0.2–30\r\nTPEEP (s): 0.1–10\r\nO2 concentration (%): 21–100\r\nI:E ratio: 1:10–4:1\r\nTInsp (s): 0.1–5\r\nTPause (% of breath cycle time): 0–30\r\nFlow trigger sensitivity level: 0–10\r\nPress. trigg sensitivity (cmH2O): -20–0\r\nInsp. rise time (% of breath cycle time): 0–20\r\nInsp. rise time (s): 0–0.4\r\nEnd inspiration (% of peak flow): 1–70\r\nEnd inspiration in NIV (% of peak flow): 10–70\r\nOxygen Breaths: 100% for 1 minute\r\nStart Breath: Initiation of 1 breath (In SIMV mode initiation of 1 mandatory breath)\r\nPause Hold: Insp. or exp (0–30 seconds)\r\n', '1763371352_Getinge Maquet Servo-S.jpg', '2025-11-17 09:22:32', NULL),
(24, 50, 'Philips IntelliVue MP30', 'The Philips IntelliVue MP30 is a compact patient monitor that can provide basic measurements and vital signs. The IntelliVue MP30 can also be connected to the Philips Muli-Measurement Modules. The parameters the MP30 offers include; capnography, 12-lead ECG, non-invasive and invasive blood pressure, respiration, SpO2, temperature, BIS, and cardiac output. The patient monitor features a flexible screen that allows for customizable configurations and touch screen navigation.\r\n\r\n6cm (10.4in) color SVGA display with 3 or 4 waveforms is bright and easy to read.\r\nComfortable handle and rugged housing for easy portability.\r\nLightweight, at only 5.8 kg (13 lbs.) including Multi-Measurement Server and one battery.\r\nUp to five hours battery operation* with dual lithium-ion batteries.\r\nTouchscreen operation makes many functions accessible through simple, one-touch commands. (Touchscreen is available on MP30 only.)\r\nWired and wireless connectivity with easy switching from one mode to another.\r\nNavigation Point operation designed for easy information input and onscreen navigation.\r\nOptional integrated recorder offers convenient documentation whenever its needed.\r\n5-hour battery time based on these conditions: basic monitoring, 2 new batteries, automatic brightness reduction, Multi-Measurement Server in use, NIBP measurements every 15 minutes.\r\n4-hour battery time based on these conditions: extended monitoring, 2 new batteries, automatic brightness reduction, Multi-Measurement Server and Server Extension in use, NIBP measurements every 15 minutes, and recording every 15 minutes.', 2500000.00, 'Height: 11 in (275mm)\r\nWidth: 113.6 in (345 mm)\r\nDepth: 9 in (230 mm)\r\nweight: 13 lbs\r\nOperating Temperature Range: 0 to 40 °C (32 to 104°F)\r\nOperating when charging battery or when equipped with IntelliVue Instrument Telemetry: 0 to 35 °C (32 to 95 °F)\r\nNon-Operating Temperature Range: -20 to 60 °C (-4 to 140 °F)\r\nBattery Storage Temperature range: -20 to 50 °C (-4 to 122 °F)\r\nOperating Humidity Range: 20% to 85% Relative Humidity (RH) (non condensing)\r\nnon- Operating Humidity Range: 5% to 85% Relative Humidity (RH)\r\nOperating Altitude Range: -500 m to 3000 m (10000 ft)\r\nMomo- Operating Altitude Range: -500 m to 12000 m (40000 ft)', '1763371457_Philips IntelliVue MP30.jpg', '2025-11-17 09:24:17', NULL),
(25, 50, 'Philips IntelliVue MP5', 'The Philips IntelliVue MP5 is a Compact patient monitor that can fit into a wide range of environments. The IntelliVue MP5 patient monitor has an 8.4 ” LCD touch screen display. The display screen offers flexible screen configuration. Showing up to four different waveform measurements simultaneously. The Philips IntelliVue MP5 can measure 12 lead ECG. The MP5 can be connected to an IntelliVue MP20 through an MP90 monitor and can be used like a Multi-Measurement Module (MMS). The system has dedicated configurations for anesthesia, critical and cardiac, and neonatal care.\r\n\r\nCompact, rugged, lightweight monitor with built-in measurements\r\nECG monitoring using any combination of three to 10 electrodes.\r\n12-lead ECG monitoring with five electrodes using the EASI method or with 10 electrodes using the conventional method.\r\nMulti-lead arrhythmia and ST segment analysis at the bedside on all available leads.\r\nRespironics Mainstream or Sidestream CO2.\r\nFAST SpO2 for accurate performance even with low perfusion.\r\nInvasive Pressure and Temperature measurement.\r\nChoice of either auscultatory or intra-arterial measurements as a measurement reference for Non-Invasive Blood Pressure.', 65550000.00, 'Height: 9.76″ (24.8 cm)\r\nWidth: 10.2″ (25.9 cm)\r\nDepth: 7.32″ (18.6 cm)\r\nWeight: 8.8 lbs (4 kg)\r\nPower Consumption: < 40W average; < 65W Peak\r\nLine Voltage: 100 to 240 V ~\r\nCurrent: 1.3 to 0.7A\r\nFrequency: 50/60 Hz\r\nType: SVGA\r\nSize: 8.4″ (21.3 cm)\r\nResolution: 800 x 600\r\nRefresh Rate: 60 Hz\r\nType: Lithium-Ion\r\nCapacity: 6000 mAh\r\nVoltage: 10.8 V\r\nWeight: 480g (Per battery)\r\nCharge Time: 4 hours (When off); 5 hours or more when on\r\nOperating Time: 4 Hours (Basic monitoring configuration); 3 hours (Extended monitoring configuration)', '1763371550_Philips IntelliVue MP5.jpg', '2025-11-17 09:25:50', NULL),
(26, 50, 'Philips IntelliVue MP50', 'The Philips IntelliVue MP50 is a patient monitor that offers a flexible screen configuration to view the patient’s vitals. The Philips MP50 can incorporate the Philips Multi-measurement Modules (MMS). With these modules, you can measure 12-lead ECG, arrhythmia analysis, capnography, non-invasive and invasive blood pressure, respiration, cardiac output, temperature, BIS, and SpO2. Along with module configurations that include an anesthesia gas analyzer. The IntelliVue MP50 patient monitor has a 12 inch, touch screen, color LCD Display that can provide high-resolution waveforms and numeric data. The display can show up to 6 waveforms at once. The Patient Monitor has a user interface that makes the IntelliVue fast and easy to operate with color codes information and SmartKey. The system can easily be connected to an intra-hospital network via the IntelliVue portal technology, where the patient’s data can be shared to the network Pharmacy, Laboratory, Radiology, and even an ECG management system.', 8500000.00, 'Height: 12.99″ (33 cm)\r\nWidth: 14.37″ (36.5 cm)\r\nDepth: 8.54″ (21.7 cm)\r\nWeight: < 14.8 lbs (8.6 kg)\r\n\r\nSize (Diagonal): 12.1″ (30.73 cm)\r\nResoltuion: 800 x 600\r\nRefresh rate: 60 Hz\r\nUseful Screen: 9.6″ x 7.2″ (24.6 x 18.4 cm)\r\nPixel Size: 0.3075 x 0.3075 mm\r\nPower Consumption: < 100W\r\nLine Voltage: 100 to 240 V ~\r\nCurrent: 1.6 to 0.7 A\r\nFrequency: 50/60 Hz', '1763371649_Philips IntelliVue MP50.jpg', '2025-11-17 09:27:29', NULL),
(27, 50, 'Philips IntelliVue MP70 ECG Monitor', 'he Philips IntelliVue MP70 is a patient Monitor that was designed to monitor a variety of parameters on a flexible screen configuration. The MP70 can be connected to the Multi-Measurement Modules. The Monitor has two slots for the modules. These Modules include; anesthesia, Critical, Cardiac, neonatal care, and general care units. The Patient Monitor has a 15-inch color LCD touch screen display that can show up to eight different waveforms at once. Along with displaying 12 lead ECG.', 6500000.00, 'Height: 14.17″ (36 cm)\r\nWidth: 15.95″ (40.5 cm)\r\nDepth: 6.69″ (17 cm)\r\nWeight: 22.05 lbs (10 kg)\r\nType: XGA\r\nResolution: 1024 x 768\r\nRefresh Rate: 60 Hz\r\nSize: 15″ (38.1 cm\r\nPower Consumption: <145 W\r\nLine Voltage: 100 to 240 V ~\r\nCurrent: 1.6 to 0.7 A\r\nFrequency: 50/60 Hz', '1763371764_Philips IntelliVue MP70 ECG Monitor.jpg', '2025-11-17 09:29:24', NULL),
(28, 50, 'Siemens Maquet Servo-i', 'The Maquet Servo I ventilation system can be used on a variety of patients from neonatal, pediatric, and adults. It has the ability to handle the most acute phases of respiratory distress, through recovery, and to the waning phases of the ventilation process. The Servo-i continuously delivers outstanding ventilator treatment as gently as possible. This is in part to the performance, monitoring capabilities, treatment options, and tools that this ventilator offers. Since this ventilator can be used on a wide variety of patients, it is suitable for most environments from the ICU to the NICU department. The Maquet Servo-i ventilator allows you to choose the treatment option based on your patients’ needs without having to worry about the ventilator’s capabilities.\r\n\r\nServo-i supports both invasive and non-invasive ventilation. It combines the highest level of clinical performance with outstanding mobility and cost-efficiency. Ease of training, operation, and maintenance, as well as flexibility and modularity, ensures a low life-cycle cost. The economic benefits in operating this modular platform are considerable: there is no need to scrap and reinvest for different patient categories and situations.', 95000000.00, 'Height: 51.8 In (131.5 cm)\r\nWidth: 22 In (56 cm)\r\nDepth: 25.2 In (64 cm)\r\nWeight: 44.1 lbs (20 kg)\r\nMethod of triggering: Flow, pressure and Edi (optional)\r\nMax. operating pressure: Approximately 115 cmH2O\r\nBias flow: 2 l/min\r\nOperating temperature: +10 to +40ºC\r\nRelative humidity: 15 to 95% non-condensing\r\nAtmospheric pressure: 660 to 1060 hPa\r\nLowest pressure in breathing system: –400 cmH2O', '1763371843_Siemens Maquet Servo-i.jpg', '2025-11-17 09:30:43', NULL),
(29, 50, 'Vyaire CareFusion Viasys Vela', 'The Vyarie Carefusion Vaisys Vela is a ventilation system that offers both non-invasive and invasive means of ventilation for adult and pediatric patients. The Vela is a High-performance ventilator that is perfect for a variety of settings from emergency rooms, ICU, and even long-term care. The Vyaire Vela is available in different modes and can be customized to your specific ventilation needs. Its precise controlled gas delivery and active exhaust give you the precise treatment that is needed for each patient. The Vyarie Ventilator comes with a collar LCD touchscreen and simplified controls make it easier to use.\r\n\r\nFull function conventional ventilator and noninvasive positive pressure ventilator (NPPV)\r\nMultiple modes of non-invasive ventilation\r\nVentilations that is independent of air source\r\nSix hour battery capacity.', 850000.00, 'Height: 10.5 in (26.7 cm)\r\nWidth: 17 in (43.2 cm)\r\nDepth: 16 in (40.6 cm)\r\nStorage Temperature: -20° to 60° C (-4° to 140° F)\r\nOperating Temperature: 5° to 40° C (41° to 104° F)\r\nBarometric pressure: 760 to 545 mmHg\r\nAir / Heliox: 20 to 80 psig (1.38 to 5.52 bar)\r\nCompressor (internal): 3 to 10 psig (0.21 to 0.69 bar)\r\nOxygen: 20 to 80 psig (1.38 to 5.52 bar)\r\n\r\n', '1763371933_Vyaire CareFusion Viasys Vela.jpg', '2025-11-17 09:32:13', NULL),
(30, 25, 'Anesthesia Breathing Circuit', 'The ventilator circuit refers to the tubing that connects the ventilator to a patient, as well as any device that is connected to the circuit tubing. The most common devices include heaters and humidifiers, filters, suction catheters, and therapeutic aerosol generators (nebulizers and inhalers).', 2400000.00, 'Material	SILICON\r\nUsage/Application	ICU Use\r\nBrand	UM HEALTCARE\r\nAutomation Grade	Automatic\r\nTube length	1.5 m\r\nCorrugated Tube length	22 mm\r\nOxygen Flush	yes\r\nRebreathing Volume	1 ltr\r\nWeight	300grm\r\nIs It Portable	Portable\r\n', '1763372807_Anesthesia Breathing Circuit.jpg', '2025-11-17 09:46:47', NULL),
(31, 25, 'ECG Bulb And Clamp Electrode', 'We are Importer, trader and service provider for both new as well as refurbished medical equipment’s and healthcare services. From a small service company and now, become a Trader and Distributor of quality range of Medical Equipment such as Dialysis machine, ventilator, Bipap, Defibrillators, ECG Machine, Humidifier, Pulse oximeter and Syringe Pump, Patient monitor, Bubble CPAP etc. Also, now we have started importing other medical equipment’s which are supplied to hospitals, medical clinics, healthcare center’s etc.\r\nWe sell to distributors / wholesalers all over the world who sell our products in their local markets.', 350.00, 'Production Capacity: 50/DAY\r\nDelivery Time: 1-3 DAYS\r\nPackaging Details: POLY PACK\r\nUsage/Application	Hospital\r\nSize	ADULT\r\nNumber Of Sheets Per Pack	6 BULB\r\nMaterial	PU', '1763372900_ECG Bulb And Clamp Electrode.jpg', '2025-11-17 09:48:20', NULL),
(32, 25, 'Ecg Chest Suction Bulb Electrode', 'We Offers ECG Chest Bulb with International quality standard. They can be used with general ECG using snap-on Lead Wires providing good contact and low noise.', 300.00, 'Material	SILICONE\r\nModel Name/Number	EA1001\r\nUsage/Application	HOSPITAL\r\nColor	BLUE\r\nMaterial: Nickel-plate\r\nColor: Blue\r\nSuction cups Dia.24mm\r\nRubber balls Dia.32mm\r\nHave a nut to adjust to any size of ECG cable or leadwires\r\nCompatible with any ECG cable or lead wires\r\nProduction Capacity: 100\r\nDelivery Time: 1-2 DAYS\r\nPackaging Details: POLY PACK PACKING', '1763373008_Ecg Chest Suction Bulb Electrode.jpg', '2025-11-17 09:50:08', NULL),
(33, 25, 'Ecg Clamp Electrode Set', 'We are Importer, trader and service provider for both new as well as refurbished medical equipment’s and healthcare services. From a small service company and now, become a Trader and Distributor of quality range of Medical Equipment such as Dialysis machine, ventilator, Bipap, Defibrillators, ECG Machine, Humidifier, Pulse oximeter and Syringe Pump, Patient monitor, Bubble CPAP etc. Also, now we have started importing other medical equipment’s which are supplied to hospitals, medical clinics, healthcare center’s etc.\r\nWe sell to distributors / wholesalers all over the world who sell our products in their local markets.', 350.00, 'Usage/Application	HOSPITAL\r\nSize	YES\r\nGSM	YES\r\nNumber Of Sheets Per Pack	YES\r\nFeatures	YES', '1763373107_Ecg Clamp Electrode Set.jpg', '2025-11-17 09:51:47', NULL),
(34, 25, 'Ecg Ekg Cables Lead Wires', 'ECG leads provide connection between patient applied electrodes and various telemetry and bedside monitoring units allowing for non-invasive monitoring of electrical impulses generated by the heart over a period of time resulting in an electrocardiogram.', 580.00, 'Model Name/Number	EC11-5C\r\nUsage/Application	HOSPITAL\r\nLead Number	5\r\nPatient Type	Adult\r\nCertifications	CE\r\nLead Cable color	White\r\nLead Cable Length	3 MTR\r\nLead Cable Material	PVC', '1763373176_Ecg Ekg Cables Lead Wires.jpg', '2025-11-17 09:52:56', NULL),
(35, 25, 'Electrosurgical Cautery Pencils', 'We Offers ECG Chest Bulb with International quality standard. They can be used with general ECG using snap-on Lead Wires providing good contact and low noise.', 100.00, 'Material: Nickel-plate\r\nColor: Blue\r\nSuction cups Dia.24mm\r\nRubber balls Dia.32mm\r\nHave a nut to adjust to any size of ECG cable or leadwires\r\nCompatible with any ECG cable or lead wires\r\nProduction Capacity: 100\r\nDelivery Time: 1-2 DAYS\r\nPackaging Details: POLY PACK PACKING', '1763373249_Electrosurgical Cautery Pencils.jpg', '2025-11-17 09:54:09', NULL),
(36, 25, 'Flow Sensor For Drager Savina 300', 'MODEL: SP02, ECG, NIBP, IBP, TEMPERATURE, PRESSURE TRANSDUCER', 1200.00, 'Model Name/Number	10305\r\nUsage/Application	Medical Flow Sensor\r\nMaterial	Plastic\r\nMedia	Tugsten\r\nBrand	Drager', '1763373361_Flow Sensor For Drager Savina 300.jpg', '2025-11-17 09:56:01', NULL),
(37, 25, 'Flow Sensor For Drager Ventilator', 'Flow Sensor is a medical accessory used to accurately measure the flow of gases in Ventilators and Anesthesia workstations also known as Respiratory gas monitors(RGM). The flow sensor in a RGM measures the flow rate and derives to give Inspired and Expired volume of the patient during ventilation.', 1500.00, 'MODEL: SP02, ECG, NIBP, IBP, TEMPERATURE, PRESSURE TRANSDUCER\r\nMaterial	glass\r\nUsage/Application	Hospital\r\nLoad Capacity (Volt)	100 – 220 V\r\nAccuracy (Percent)	99%', '1763373447_Flow Sensor For Drager Ventilator.jpg', '2025-11-17 09:57:27', NULL),
(38, 25, 'Hamilton Ventilator Flow Sensor', 'Flow Sensor is a medical accessory used to accurately measure the flow of gases in Ventilators and Anesthesia workstations also known as Respiratory gas monitors(RGM). The flow sensor in a RGM measures the flow rate and derives to give Inspired and Expired volume of the patient during ventilation.', 550.00, 'Media	air\r\nMaterial	Plastic\r\nFlow Range	0-160 SLPM\r\nDisposability	Disposable', '1763373521_Hamilton Ventilator Flow Sensor.jpg', '2025-11-17 09:58:41', NULL),
(39, 25, 'Plastic Cushion Mask', 'Air Cushion Anesthesia Masks with Valve are single use and available in a variety of sizes from neonates to adults. The high quality air cushion masks are used for resuscitation, anesthesia, and oxygen delivery applications. The soft cushioned face mask provides superior patient comfort and effective seal.', 105.00, 'Color	White\r\nPackaging Type	Packet\r\nMaterial	Plastic\r\nDisposability	Disposable\r\nSize	1-5\r\nCountry of Origin	Made in India', '1763373583_Plastic Cushion Mask.jpg', '2025-11-17 09:59:43', NULL),
(40, 25, 'PVC BiPAP Mask', 'If you have trouble breathing, a BiPap machine can help push air into your lungs. You wear a mask or nasal plugs that are connected to the ventilator. The machine supplies pressurized air into your airways. It is called “positive pressure ventilation” because the device helps open your lungs with this air pressure.', 600.00, 'Size	Small\r\nSize/Dimension	medium\r\nMaterial	PVC\r\nApplicability	available\r\nColor	white\r\nWeight	.300 grm\r\nUsage/Application	bipap machine\r\nFeatures	NIV MASK\r\nCountry of Origin	Made in India', '1763373650_PVC BiPAP Mask.jpg', '2025-11-17 10:00:50', NULL),
(41, 25, 'Silicon Ambu Bag', 'The name “Ambu” is an acronym for “artificial manual breathing unit,” and it was originally used as the brand name for this type of device when it was first invented by Testa Laboratory. In the 1980s, the company rebranded as Ambu and the term “Ambu bag” has become widely used to refer to this type of device.', 450.00, 'MODEL: SP02, ECG, NIBP, IBP, TEMPERATURE, PRESSURE TRANSDUCER\r\n\r\nMinimum Order Quantity: 1 Piece\r\nProduction Capacity: 100\r\nDelivery Time: 3-5 DAYS\r\nPackaging Details: NORMAL STANDARD PACKING\r\nSize	Adult\r\nUsage/Application	Medical\r\nMaterial	Silicon\r\nBrand	UM HEALTHCARE\r\nSterile/ Non Sterile	Sterile\r\nDisposable/ Reusable	Reusable\r\nCountry of Origin	Made in India\r\n', '1763373742_Silicon Ambu Bag.jpg', '2025-11-17 10:02:22', NULL),
(42, 28, 'Terumo Sarns 8000 Heart Lung Machine', 'A heart-lung machine allows the surgeon to carefully stop the heart while still maintaining blood circulation. The machine consists of a pump, which functions as the heart, and an oxygenator, which replaces the function of the lungs.', 3500000.00, 'Not Available', '1763373972_Terumo Sarns 8000 Heart Lung Machine.jpg', '2025-11-17 10:06:12', NULL),
(43, 28, 'Sorin Stockert Shiley SIII', 'The Sorin Stockert Shiley S3 is the 3rd generation of the perfusion heart-lung machine. The Shiley S3 is the predecessor to the Sorin Stockert S5 Heart-lunch machine. The Stockert Shiley S3 system is a complete modular system. Each pump is configurable to fit your individual needs. The S3 heart-lung pump system is designed to circulate blood through the cardiopulmonary bypass circuit for at least six hours or less. The system is comprised of a pump control panel, a central display module, and a control panel. The Sorin Heart-lung machine is fully compatible with the DMS case management system.', 4500000.00, 'Not Available', '1763374062_Sorin Stockert Shiley SIII.jpg', '2025-11-17 10:07:42', NULL),
(44, 29, 'Datascope Cs100 Iabp Machine', 'An intra-aortic balloon pump (IABP) is a mechanical device that helps the heart pump blood. This device is inserted into the aorta, the body’s largest artery. It is a long, thin tube called a catheter with a balloon on the end of it.', 6000000.00, 'Brand	Datascope\r\nModel Name/Number	CS100/CS300\r\nColor	WHITE\r\nProperties	IABP\r\nUsage/Application	HOSPITAL\r\nDelivery Time: 1-2 DAY\r\nPackaging Details: BOX AND PLY WOOD BOTH PACKING AVAILABLE AS PER THE DEMAND.', '1763374242_Datascope Cs100 Iabp Machine.jpg', '2025-11-17 10:10:42', NULL),
(45, 29, 'Iabp Datascope Cs300 98xt Maquet', 'The IABP assists the heart indirectly by decreasing the afterload and augments diastolic aortic pressure with subsequent enhancement in diastolic blood flow resulting in better perfusion of the peripheral organ as well as a possible improvement in the coronary blood flow.', 1000000.00, 'Item Code: CS300DATASCOPE\r\nProduction Capacity: NA\r\nDelivery Time: 3-4 DAYS\r\nPackaging Details: WOODEN AND BOX PACKING AS PER THE REQUIREMENST\r\nSize	Medium\r\nMaterial	Plastic\r\nShape	Curved\r\nType	Central Venous\r\nApplication	Hospital\r\nColor	WHITE\r\nUsage/Application	Hospital\r\nProperties	CS 300 IABP\r\nPackaging Type	BOX PACK\r\nBrand Name	DATASCOPE\r\nIs It Customised	Non Customisation\r\nI Deal In	Second Hand Only\r\nDisposable	No', '1763374338_Iabp Datascope Cs300 98xt Maquet.jpg', '2025-11-17 10:12:18', NULL);
INSERT INTO `products` (`id`, `category_id`, `name`, `description`, `price`, `specification`, `image`, `created_at`, `updated_at`) VALUES
(46, 30, 'Philips Heartstart MRx', 'Philips Heartstart MRx\r\nPhilips\r\n (0 customer reviews)\r\nHeartStart MRx Features\r\nThe Philips Heartstart MRx is a lightweight, portable monitor/defibrillator. with the capability to offer four different modes of operation; monitor, manual Defibrillate, AED, and pacing. The Heartstart MRx defibrillator was designed to provide both monitoring and resuscitation by using mutual-parameter functions, including algorithms and options for transferring data to, a full range of defibrillation therapies. The Heartstart MRx is fast and reliable with 12-lead ECG and advanced STEMI support. The MRx has a large 8-inch color screen displaying up to 4 waveforms and numerics. The Philips Heartstar MRx additionally monitors other parameters: arrhythmia detection, SpO2, NIBP, IBP, EtCO2, and temperature.', 4500000.00, 'Width: 13.4 in (34 cm)\r\nDepth: 8.3 in (21 cm)\r\nHeight: 13.6 in (34.5 cm)\r\nDimensions: 8.4 in diagonal (12.8 cm x 17.1 cm)\r\nType: TFT color LCD\r\nResolution: 640 x 480 pixels (VGA)\r\nWave Viewing Time: 5 seconds (ECG)\r\n', '1763374452_Philips Heartstart MRx.jpg', '2025-11-17 10:14:12', NULL),
(47, 30, 'Philips HeartStart XL M4735A Defibrillator', 'The Philips HeartStart XL M4735A defibrillator and monitor is designed to meet your resuscitation and monitoring needs. The HeartStart XL is lightweight, portable, and a semi-automatic external defibrillator. It offers two modes of operation; Automated External Defibrillation (AED) Mode and Manual Mode. Both modes incorporate low energy SMART Biphasic waveform for defibrillation. When in AED mode, the HeartStart analyzes the patient’s ECG and advises you whether or not to deliver a shock.\r\n\r\nIn AED Mode, the HeartStart analyzes the patient’s ECG and advises you whether or not to deliver a shock. Voice prompts guide you through the defibrillation process by providing instructions and patient information. Voice prompts are reinforced by messages that appear on the display.\r\n\r\nIn Manual Mode, the M4735A HeartStart turns control of the defibrillation process over to you. You assess the patient’s ECG and select the energy settings for defibrillation if necessary. Manual Mode also allows you to perform synchronized cardioversion and offers noninvasive pacing (optional).\r\n\r\nThe HeartStart is powered by AC power and a rechargeable sealed lead-acid (SLA) battery which allows charging to 200 joules in less than three seconds. Proper care of your batteries will ensure that they have the energy required to operate the M4735A and to deliver the appropriate therapy.', 5500000.00, 'Height: 7.5 in (19 cm)\r\nWidth: 14.8 in (37.6 cm)\r\nDepth: 13.7 in (34.6 cm)\r\nWeight: 13.2 lbs (6 kg)\r\nType: HeartStart Rechargeable Sealed lead acid\r\nOperating Time: About 100 minutes\r\nCharging Time: About 14.5 hours\r\nPower: 2 Ah, 1\r\nType: LCD – TFT Color Liquid Crystal Display\r\nSize: 4.3″ x 3.3″ (11.1 cm x 8.4 cm) on the HeartStart\r\nResolution: 320 x 240\r\nSweep Speed: 29 mm/s nominal\r\nViewing Time: 4 Seconds', '1763374572_Philips HeartStart XL M4735A Defibrillator.jpg', '2025-11-17 10:16:12', NULL),
(48, 30, 'Philips HeartStart XL+', 'The Philips HeartStart XL+ is a lightweight, portable, defibrillator and monitor. It provides four clinical modes of operation: Monitor, Manual Defibrillation, AED, and Pacer (Optional). The HeartStart XL+ is powered by a rechargeable lithium-ion battery. An AC power supply may serve as a secondary power source and supplies continuous battery charging. The XL+ performs Automated Tests on a regular basis, and stores critical event and trend data in its internal memory.\r\n\r\nMonitor Mode can monitor up to three ECG waveforms at a time, acquired through a 3 or 5-lead ECG set or multifunctional electrode pads. Optional monitoring of SpO2, and EtCO2, and NBP are also available.\r\nManual Defibrillation Mode offers simple, 3-step defibrillation. Analyzing the patients ECG and if appropriate, select and energy setting.\r\nAED Mode analyzes the patients ECG and determines whether a shock is advised.\r\nPace Mode offers non-invasive transcutaneous pacing therapy.\r\nAdd to wishlist\r\n', 650000.00, 'Height: 9” (23 cm)\r\nWidth: 11.6” (29.6 cm)\r\nDepth: 10.9” (27.9 cm)\r\nWeight: 14.7 lbs (6.6 kg)\r\nWaveform: Biphasic Truncated Exponential. Waveform parameters adjusted as a function of patient impedance\r\nShock Delivery: Via multifunction electrode pads or paddles\r\nShock Series: Configurable Energy Escalation in a series\r\nCharge Time: 3 to 17 seconds\r\nPatient Impedance Range: 25 to 250 ohm\r\nType: Extended Life Lithium, disposable, non-rechargeable\r\nOperating Life: 5-years\r\nShelf Life: 5-years\r\nCharge Time: 11 seconds to charge a fully discharged Survivalink AED to its maximum energy with a new battery\r\n', '1763976161_Philips HeartStart XL+.jpg', '2025-11-17 10:17:43', '2025-11-24 09:22:41'),
(49, 30, 'Physio-Control Lifepak 9', 'The Physio-Control Lifepak 9 is a defibrillator/monitor with a microprocessor. The Lifepak 9 defibration system offers a simple, user-friendly operation. The Lifepak defibrillation system features both high and low energy selections, cardioscope, non-invasive pacing, and 3-lead and 5-lead ECG monitoring. The Physio-Control Lifepak 9 also features an adaptor that allows for hands-free defibrillation. The microprocessor determines how many joules of energy are required for defibrillating a patient. Allowing the system to readjust to low battery power or lower voltage uses, with paddles for both adult and pediatric patients.', 8500000.00, 'Height: 35.2 cm (13.9 in)\r\nWdith: 29.7 cm (11.7 in)\r\nDepth: 31cm (12.2 in)\r\nWeight: 12.7 kg ( 28 lbs)\r\nECG Lead Selections: Std, Paddles, I, II, III\r\nInput: Isolated ECG via QUIK-LOOK® defibrillator paddles, FAST-PATCH® disposable defibrillation/ ECG electrodes or 3-lead patient cable.\r\nPatient Cable Length: 4.0m (13 ft) total length; 3.1m cable (10 ft) with 0.9m leads (3 ft)\r\nCommon Mode Rejection: 100dB minimum with respect to chassis ground and 65dB minimum with respect to isolated ground, when measured at 60Hz. Common mode range for patient cable input ≥ 10 Volts peak with respect to isolated ground.\r\nMonitor Display Size:102mm (4 in) wide x 76mm (3 in) tall, non-fade\r\nSweep Speed: 25mm/second\r\nFrequency Response: Non-diagnostic\r\nECG Leads:1.0 to 40Hz (-3dB)\r\nPaddles: 2.2 to 20Hz (-3dB)\r\nECG Size: Adjusts amplitude of ECG trace on monitor and strip chart recorder.\r\nHeart Rate Meter: 3 digit readout displays rates from 20 to 300 bpm. Heart rates outside this range do not yield valid systole tones or heart rate display. Heart Rate Alarm: User selectable alarm limits. Three high/low settings (150/40, 120/60, 160/90). Other limit options available via SET UP menu.\r\n1 mV Cal: Momentary pushbutton switch on rear panel simulates a 1 mV signal pulse to the ECG input.\r\nECG Output:1 Volt/mV', '1763374738_Physio-Control Lifepak 9.jpg', '2025-11-17 10:18:58', NULL),
(50, 31, 'Medtronic External Pacemaker', 'An External Cardiac Pacemaker that is also known as a Transcutaneous or Artificial Pacemaker is an electrodes-based medical device that is used to regulate the contractility of myocardiocytes to maintain adequate heart rate and so cardiac output.', 1000000.00, 'Not Available', '1763374839_Medtronic External Pacemaker.jpg', '2025-11-17 10:20:39', NULL),
(51, 32, 'Maquet Rotaflow Pump With Medtronic Bio-Cal 370', 'Soma Tech Intl offers full ECMO setups for up to 50% below the cost of new ones with the same service and warranty contracts from the manufacturer. Our ECMO machines are fully refurbished and reconditioned mechanically and technically, which ensures the ECMO device functions like new ones. This extracorporeal membrane oxygenation setup comes with the Maquet Rotaflow centrifugal pump, the Medtronic Bio-Cal 370 heater/cooler system, and a blender.', 4500000.00, 'The Medtronic Bio-Medicus Bio-Cal 370 Temperature Controller is a microprocessor-controlled heater/cooler system that helps control patients’ blood temperature through a variety of heat exchangers. It features three temperature probe displays for monitoring remote temperatures. The Medtronic Bio-Cal brings water to a set temperature between 0 and 42 degrees. Although the Medtronic 370 does not store data, the unit was an RS232/422/485 port to connect a computer or serial printer. This heater/cooler system can hold 8.5 liters in the reservoir.', '1763374922_Maquet Rotaflow Pump With Medtronic Bio-Cal 370.jpg', '2025-11-17 10:22:02', NULL),
(52, 32, 'Maquet Rotaflow Pump With Terumo-Sarns 11160', 'Soma Tech Intl offers full ECMO setups for up to 50% below the cost of new ones with the same service and warranty contracts from the manufacturer. Our ECMO machines are fully refurbished and reconditioned mechanically, and technically which ensures the ECMO device functions like new. This extracorporeal membrane oxygenation setup comes with the Maquet Rotaflow centrifugal pump, the Terumo-Sarns 11160 heater/cooler system, and a blender.', 750000.00, 'The Sarns 11160 is a portable dual heater/cooler that can deliver water up to 10.5 gallons per minute with a maximum pressure output of 11 PSI. This Sarns heater/cooler is used with blood heat exchangers. This unit has three modes of operation. It can be used in cooling mode, recirculation mode, or heating mode. While in cooling mode, the water is pumped through an ice-water tank. The output temperature of the water is continuously monitored by the thermometer. In recirculation mode, the water is pumped through the heater manifold, however, the heating element is not on. In heating mode, the water is pumped through the heater manifold and the heating element heats the water to any one of 4 preset temperatures.', '1763375012_Maquet Rotaflow Pump With Terumo-Sarns 11160.jpg', '2025-11-17 10:23:32', NULL),
(53, 33, 'CSZ Hemotherm 400CE Sub Zero Cooler', 'The CSZ Hemotherm 400CE dual reservoir heater/cooler is used to lower, maintain, or raise the temperature of the water flowing through a blood oxygenator/heat exchanger that is used to cool or warm blood during cardiopulmonary bypass procedures lasting 6 hours or less. This Sub Zero cooler may also be used with a hyper/hypothermia blanket under the patient to provide warming through conductive heat transfer.', 2500000.00, 'Height: 32” (81 cm)\r\nWidth: 22” (56 cm)\r\nDepth: 22” (56 cm)\r\nWeight: 198 lbs ( 89.8 kg)\r\nCool: 8 qts (7.6 liters)\r\nHeat: 6 qts (5.7 liters)\r\nReservoir Fluid: Distilled Water Only\r\nReservoir Opening: Easy-to-fill\r\nReservoir Construction: Plastic\r\n', '1763375108_CSZ Hemotherm 400CE Sub Zero Cooler.jpg', '2025-11-17 10:25:08', NULL),
(54, 33, 'CSZ Hemotherm 400MR Sub Zero Cooler', 'The CSZ HEMOTHERM 400MR Cooler/Heater system is used to lower/raise the blood temperature and/or maintain blood temperature, as required, through conductive heat transfer. The conductive heat transfer on the Sub Zero cooler is accomplished through any type of blood oxygenator/heat exchanger unit, along with the use of a blanket under the patient for the re-warming phase, if desired.\r\n\r\n ', 2500000.00, 'Height: 32 in (81.3 cm)\r\nWidth: 22in (55.9 cm)\r\nDepth: 22 in (55.9 cm)\r\nWeight: 198lbs (89.8 kg)\r\nCool: 8 qts. (7.6 liters)\r\nHeat: 6 its (5.7 liters)\r\nReservoir Fluid: Use only sterile water or water that has been passed through a filter of less than or equal to 0.22 microns.\r\nReservoir Opening: Easy-to-Fill\r\nReservoir Construction: Plastic\r\nCompressor: 1/2 HP Oversize\r\nFluid Cooling Range: 32° to 3° C', '1763375206_CSZ Hemotherm 400MR Sub Zero Cooler.jpg', '2025-11-17 10:26:46', NULL),
(55, 33, 'LivaNova Sorin Stockert 3T', 'The LivaNova Sorin Stockert 3T is a heater-cooler that is used during cardiopulmonary bypass. The System is used to help regulate the patient’s blood during cardiac, vascular, and transplant procedures. The Stockert 3T system can work independently from the water supply in an operating room. It comes with three different water tanks that control the warming and cooling cardioplegias along with the patient temperature. Each one of these is on its own separate circuit and can be run simultaneously. The Sorin Stockert heating and cooling of the system runs off of one circuit while the patient temperature runs off of two circuits. The water in the LivaNova 3T does not come in contact with the patient’s or the patient’s blood during a procedure.\r\n\r\nAt the end of a procedure, the water can be drained out of the heat exchange, and the tubing to help with clean up.', 2600000.00, 'Height: 33.2 in (97.5 cm)\r\nWidth: 19.8 in (50 cm)\r\nDepth: 26.8 in (68 cm)\r\nWeight: 228.5 lbs (102 kg)\r\nStorage Temperature: -10 °C through 60 °C\r\nRelative Humidity: 0% through 80%\r\nAtmospheric Pressure: 500 hPa through 1,060 hPa (7.3 psi through 15.4 psi)\r\nLIQUID USED: Tap water; sterile water\r\nFlow L/hr: 15-17 L/min for patient, 9-11 L/min for cardioplegia\r\nFlow indicator: Yes\r\nTempurature Scale Readout: Celsius\r\nReservoir Number: 3\r\nReservoir Capacity, l: 6 (1.6), 3 (0.8), 3 (0.8)\r\nAlarm Silence: Yes\r\n\r\n\r\n\r\n\r\n\r\n', '1763375304_LivaNova Sorin Stockert 3T.jpg', '2025-11-17 10:28:24', NULL),
(56, 33, 'Terumo Sarns TCM II Heater Cooler', 'The Sarns TCM II is a computer-controlled heating and cooling system for use during cardiopulmonary bypass. Compared to devices using refrigerated cold water, the TCM II achieves faster, more reliable cooling through the use of melting ice, which maintains a stable, cold temperature as it conducts heat away. TCM II’s heating system reflects the current standard of technology. Its powerful heaters and high-efficiency mixing manifold allow you to bring up temperatures quickly. Control is at your fingertips, using either the main display or the optional remote module. A simplified display panel gives you accurate digital temperature data to protect your patients. On either panel, you can select temperatures ranging from 0 – 42°C to bring your patients rapidly and precisely to the temperature needed. For the protection of pediatric patients, a maximum water-to-venous blood temperature gradient can be set to operate during rewarming.', 750000.00, 'Height: 34.4″ (87,4cm)\r\nWidth: 20.0″ (50,8cm)\r\nDepth: 31.5″ (80,0cm)\r\nWeight: 282 lbs (127,9 kg) with the tanks empty; 356 lbs (161,5 kg) with the tanks full\r\nOxygenator heat exchanger and blanket: 0 – 42°C\r\nCardioplegia: Ice water only\r\nHeaters: 2 each – 1000 watt, 220V units\r\nVoltage: 210/250VAC (220/240V nominal)\r\nFrequency: 50 Hz\r\nAmperage: 12 A\r\nCurrent Leakage: 500 A maximum\r\nGround Resistance: 0.1 Ohm maximum', '1763375394_Terumo Sarns TCM II Heater Cooler.jpg', '2025-11-17 10:29:54', NULL),
(57, 34, 'GE Aestiva', 'The GE Aestiva/5 MRI is an MRI compatible anesthesia machine. The compact design and small footprint of the Aestiva/5 MRI make it easy to move to either an MRI Suite or an Operating Room when needed. The Aestiva 5 MRI features the standard Datex-Ohmeda user interface like the Aestiva 5, along with ventilation of the SmartVent technology and the advanced breathing system. Coming with two options for ventilators the 7100 and the 7900 SmartVent. The Aestiva 5 MRI comes with an integrated alarm system that warns the operator when the machine is located in an MRI magnetic fringe field in excess of 300 gausses. The GE anesthesia machine offers low and minimal flow anesthesia along with reducing agent consumption.', 3500000.00, 'Height: 59.8 in (152 cm)\r\nWidth: 38.4 in (97.5 cm)\r\nDepth: 32.7 in (83 cm)\r\nWeight: ~ 300 lb (136 kg)\r\nUSA/Canada/Mexico: 120 Vac, 60 Hz, 10A\r\nEuro: 220-240 Vac, 50 Hz, 6A\r\nItaly/France/Belgium: 230 Vac, 50 Hz, 6A\r\nJapan: 100 Vac, 50 or 60 Hz, 10A\r\nUK: 240 Vac, 50 Hz, 6A', '1763376336_GE Aestiva.jpg', '2025-11-17 10:45:36', NULL),
(58, 34, 'GE Avance CS2', 'The GE Avance CS2 is a compact anesthesia machine that can also be a fully integrated Carestation. The system combines anesthesia delivery, patient monitoring, and data management in one machine. In addition the Avance CS2 anesthesia machine offers ventilation capabilities and uses the GE 7900 Smartvent ventilator with the system. This allows the system to quickly and accurately mix anesthetic gases rapid time when the situation occurs. The Advanced Breathing System in the Avance System helps minimize the number of tubing connections and circuit volume coming from the machine.\r\n\r\nThe Avance SC2 comes with a 15 inch color touch screen display, that offers quick assess to menus and additional settings. There are additional buttons next to the touchscreen that can be used for the most commonly used functions.', 4500000.00, 'Height: 54″ (139 cm)\r\nWidth: 30″ (77 cm)\r\nDepth: 29.9″ (76 cm)\r\nWeight: 324.08 lbs (147 kg)\r\nPressure range at inlet: 240 kPa to 700 kPa (35 psig to 100 psig)\r\nPeak gas flow: 120 L/min + fresh gas flow\r\nFlow valve range: 1 to 120 L/min\r\nFlow compensation range: 150 mL/min to 15 L/min', '1763376429_GE Avance CS2.jpg', '2025-11-17 10:47:09', NULL),
(59, 34, 'GE Datex-Ohmeda Aespire', 'The GE Datex Ohmeda Aespire View is compact, durable, with easy to clean surfaces. It comes with a 12-inch ventilation display that showcases waveforms and alarm indicators. The Aespire offers both anesthesia gases and ventilation at the same time. The Aespire View uses the GE SmartVent 7900 as the ventilator system for the anesthesia machine. The ventilation system makes it easy to minimize the space in the ICU or operating room by combining the Ventilator and the anesthesia machine in one. The Aespire View also comes standard with GE’s advances Breathing System (ABS). This allows the anesthesia machine to work with low circuit volumes as well as low flow anesthesia', 500000.00, 'Height: 53.5 in (136 cm)\r\nWidth: 29.5 in (75 cm)\r\nDepth: 29.1 in (74 cm)\r\nWeight: approximately 300 lbs (136 kg)\r\nTidal volume range: 20 to 1500 mL (Volume Control SIMV/PSV and PCV-VG modes); 5 to 1500 mL (Pressure Control Mode)\r\nIncremental settings: 20 to 50 mL (increments of 1 mL); 50 to 100 mL(increments of 5 mL); 100 to 300 mL (increments of 10 mL); 300 to 1000 mL (increments of 25 mL); 1000 to 1500 mL (increments of 50 mL)\r\nMinute volume range: 0 to 99.9 L/min\r\nPressure (PInspired) range: 5 to 60 cm H2O (increments of 1 cm H2O)\r\nPressure (Plimit) range: 12 to 100 cm H2O (increments of 1 cm H2O)\r\nPressure (Psupport) range: Off, 2 to 40 cm H2O (increments of 1 cm H2O)\r\nRate: 4 to 100 breaths per minute for PCV-VG, Volume Control and Pressure Control vent modes. 2 to 60 breaths per minute for SIMV/PSV, PSVPro and SIMV vent modes (increments of 1 breath per minute).\r\nInspiratory/expiratory ratio: 2:1 to 1:8 (increments of 0.5)\r\nInspiratory time: 0.2 to 5.0 seconds (increments of 0.1 seconds) (SIMV and PSVPro vent modes)\r\nTrigger window: 0 to 80% (increments of 5%)\r\nFlow trigger: 0.2 to 1.0 L/min (increments of 0.2 L/min); 1 to 10 L/min (increments of 0.5 L/min)\r\nInspiration termination level: 5 to 75% (increments of 5%)\r\nBackup mode delay: 10 to 30 seconds (increments of 5 seconds)', '1763376494_GE Datex-Ohmeda Aespire.jpg', '2025-11-17 10:48:14', NULL),
(60, 37, 'Ethicon 300 Harmonic Scalpel', 'The Ethicon 300 ultraprecision harmonic scalpel utilizes ultrasonic energy to enable hemostatic cutting and coagulation of soft tissue. The Ethicon Harmonic Generator 300 consists of the ultrasonic generator, optional footswitch, an optional hand switching adaptor, and an option handpiece. This generator is for soft tissue incision when bleeding control and minimum thermal injury are desired. It can be used as an adjunct to or substitute for electrosurgery, lasers, and steel scalpels.\r\n\r\n ', 1500000.00, 'Height: 5.3 in (13 cm)\r\nWidth: 14.5 in (37 cm)\r\nDepth: 15.2 in (39 cm)\r\nWeight: 7.48 kg\r\nTemperature: -35˚C to +54˚C\r\nHumidity: 10-95% non-condensing\r\nAtmospheric Pressure Range: 700hPa-1060hPa', '1763376606_Ethicon 300 Harmonic Scalpel.jpg', '2025-11-17 10:50:06', NULL),
(61, 37, 'Ethicon G110', 'Utilizes ultrasonic energy to enable hemostatic cutting and/or coagulation of tissue\r\nThe system includes an Ultrasonic Generator, a foot switch, and a hand piece\r\nIndicated for incising tissue when bleeding control and minimal thermal injury are desired.\r\n', 2500000.00, 'Frequency: 55.5 kHz (output)\r\nDimensions: 14” Wide x 8” High x 12” Deep. Weight: Approximately 20 lbs\r\nPower Requirement: 115 VAC, 60 Hz, 2 Amps, 230 Watts max\r\nFusing: Two, 3 AG Slow Blow 1⁄4” x 1 1⁄4”, 2 Amps, located in the power entry module. Three, internal, 5 mm x 20 mm Slow Blow, 1@ 1 Amp, 1 @ 0.25 Amps, and 1 @ 1.6 Amps\r\nAir Pressure: 6 psi Max\r\nAir Flow: Approximately 20 liters per minute\r\nVentilation: At least 2” in rear of the unit and the bottom vents should not be obstructed\r\nDimensions: Length: hand piece: 7”; cable: 10’. Weight: 6 ounces\r\nConnectors: Electric – 7 pin. Air – 1⁄4” CPC\r\nSterilization: Steam or EtO\r\nSwitch: Dual SPST, Normally Off\r\nVoltage: 12 Volts maximum at .010 Amps\r\nCable: 3 conductor, shielded\r\nPower Cord: 15 foot, 3 conductor, 16 AWG, Grounded hospital grade power cord, terminated with IEC 320 connector', '1763376692_Ethicon G110.jpg', '2025-11-17 10:51:32', NULL),
(62, 38, 'Drager Evita 2 Dura', 'The Drager Evita 2 Dura is an advanced intensive care Drager ventilator with a simple and versatile operation, a highly responsive flow trigger, and an open breathing system that gives both the patient and the clinician “Room to Breathe”. The standard color screen provides enhanced monitoring. The Drager Evita 2 Dura can be custom built to your order. Features like enhanced graphics, integrated CO2 monitoring or specialized modes like APRV can be added to the system at any time without changing the profile of your device.\r\n\r\nThe Evita 2 dura provides patient and ventilator-related monitoting with user interaction reduced to a minimum. The high-resolution full-color sereen displays comprehensive information on a patient’s status, always showing two ventilation curves and six monitored values, and the screen configuration can be customized to show the most important values for a particular ICU.', 6500000.00, 'Height: 11.4 In (290 cm)\r\nWidth: 20.9 In (530 cm)\r\nDepth: 17.7 In (450 cm)\r\nWeight: Approx. 27 kg (60 lbs)\r\nDiagonal Screen size: 6.5” TFT LCD color Display\r\nAirway pressure: High/Low\r\nExpired minute volume: High/Low\r\nTidal volume: High\r\nTidal volume (VT) (BTPS): 0.1 to 2.0 L (Adult) 0.02 to 0.3 L (Pediatric) 0.003 to 0.1 L (Neonatal)\r\nInspiratory flow: 6 to 120 L/min (Adult) 6 to 30 L/min (Pediatric and Neonatal)\r\nApnea alarm time: 5 to 60 s\r\nSpontaneous breath frequency: High\r\nInspired O2 concentration: High/Low\r\nBreathing gas temperature: High\r\nSpO2 pulse (optional): High/Low\r\netCO2 (optional): High/Low', '1763376806_Drager Evita 2 Dura.jpg', '2025-11-17 10:53:26', NULL),
(63, 38, 'Drager Evita 4', 'The Drager Evita 4 is a ventilator that can be used on Adults, Pediatrics, and Neonates. This ventilator can also be used on premature babies utilizing the NeoFlow option. It’s a time-cycled, constant-volume long-term ventilator. It was designed to meet the demanding requirements of the ICU environment by improving the interactions between the patient, ventilator, and clinician. The Evita 4 has a functional touch screen that continually provides the clinician information on ventilator settings, patient measurements and advanced trending capabilities which enhances the operation of the device. Unique features and modalities such as AutoFlow and APRV are standard on all Evita ventilators.', 120000.00, 'Height: 11.4 inches (29 cm)\r\nWidth: 20.9 inches (53 cm)\r\nDepth: 17.7 inches (45 cm)\r\nWeight: 60 lb (27 kg)\r\nAirway pressure: Peak pressure, plateau pressure, mean pressure, PEEP, min. pressure (0 to 99 mbar/cmH2O)\r\nMinute volume (MV), (BTPS): MV, MVspont, MVleak (0 to 99 L/min)\r\nTidal volume (VT), (BTPS): Inspired VT, expired VT, VTASB (VTPS) (0 to 3999 mL)\r\nBreathing frequency (f): ftotal, fspon, fmand. (0 to 300/bpm)\r\nO2 concentration: (FiO2) Inspired O2 concentration (15 to 100 Vol.%)\r\nLung mechanics:\r\nResistance ((0.0 to 600 mbar/L/s)(cmH2O/L/s)\r\nCompliance ((0.0 to 300 mL/mbar)(mL/cmH2O)\r\nBreathing gas temperature: 18°to 51°C\r\nWaveforms: Airway pressure-time, flow-time, volume-time, …\r\nTrends (optional): FiO2, MV, VT, f, PEEPi, R, C, etCO2, …\r\nLoops (optional): Paw-V, V-Flow, Flow-Paw, …\r\nCapnography (etCO2) (optional): 0 to 100 mmHg\r\nCO2 production (VCO2): 0 to 999 mL/min, STPD\r\nSerial dead space Vds: 0 to 999 mL, BTPS\r\nDead space ventilation (Vds/VT): 0 to 99%\r\nO2 saturation: SpO2, pulse', '1763376877_Drager Evita 4.jpg', '2025-11-17 10:54:37', NULL),
(64, 38, 'Drager Evita XL', 'The Drager Evita XL ventilator is a feature-rich design that helps caregivers deliver optimal ventilation from implementation to the weaning process. The monitor quickly responds to individual patient requirements and ventilation situations, increasing patient comfort, and safety.\r\n\r\nThe Drager Evita XL Ventilator offers mask ventilation with NIV plus, which in many cases reduces the need for intubation. When intubation is necessary, the ventilator’s integrated CO2 monitoring helps caregivers ensure correct placement and metabolic stability. Select workflow support functions, including routine O2 suction or automatic P0.1 measurement, can also simplify clinical routines. A unique trolley system allows staff to easily maneuver the Drager Evita ventilator throughout the care facility.', 250000.00, 'Dimensions: 20.9” (530 mm) W x 12.4 (315 mm) H x 17.7”(450 mm) without trolley\r\nScreen: 15” (381 mm) TFT color touch-screen\r\nWeight: Approx. 64 lbs (50 kg) basic unit\r\nPower consumption: Approx. 125 W\r\nGas supply operating pressure: O2 air: 2.7 to 6 bar / 30 to 87 PSI\r\nMains power connection: 100 to 240 V, 50/60 Hz, 10 to 30 V DC', '1763376957_Drager Evita XL.jpg', '2025-11-17 10:55:57', NULL),
(65, 38, 'Drager Savina', 'The Drager Savina is a ventilator that can be used on a wide range of patients from pediatrics to adults. The System offers a variety of ventilation modes that allows for spontaneous breathing in all modes. With an internal turbine, there is no need for an air cylinder and external compressor anymore. The Savina was designed to be easy to read with a bright, high-resolution screen. The Savina offers both invasive and non-invasive ventilation. With the machine’s open breathing system with an integrated alarm system making it a flexible system that can easily be adapted for each patients ventilation situation.', 3200000.00, 'Height: 156.1 in (383 mm)\r\nWidth: 15 in (180 mm)\r\nDepth: 14.1 in (358 mm)\r\nWeight (basic device): 53 lbs (24 kg)\r\nDiagonal Screen Size: 6.1 in TFT color Screen\r\nMain Power connection: 100 V to 240 V, 50/60 Hz AC, 10 to 36 V DC\r\nTypical Power Consumption: 100W\r\nInternal battery: Approx. 60 min ( optional extension up to 7h)\r\n', '1763377041_Drager Savina.jpg', '2025-11-17 10:57:21', NULL),
(66, 38, 'GE Versamed iVent 201', 'The Ge Versamed iVent 201 is a compact Ventilator that is controlled by a microprocessor. It has the capacity to offer the same amount of ventilation as some of the bigger ventilators on the market – just in a smaller, portable design. The iVent 201 is a non-invasive ventilator that runs off of a turbine. With features like NIV, Adaptive flow, and Adaptive I-Time caregivers can maximize the patient’s comfort and make it easier to breathe using the machine. Additional features of the iVent include 72 hours of trending of setting and martinet monitoring, a Programmable nebulizer, built-in SPo2 monitoring, and oxygen blenders. The GE iVent can be used on patients ranging from pediatrics to adults.', 4200000.00, 'Height: 13″ (33 cm)\r\nWidth: 9.5″ (24 cm)\r\nDepth: 10.3″ (26 cm)\r\nWeight: Up to 27.8 lb (12.6 kg)\r\nRespiratory Rate: 1 – 12 ±1, 12 – 80 ± 2 bpm\r\nTidal Volume: 50-2000 mL\r\nAccuracy of Tidal Volume Delivery: ±10% or ±10 mL whichever is greater\r\nAccuracy of Exhale Tidal Volume Measurement: ±15% above 100 mL from actual reading or ±10 cc below 100 mL\r\nInspiratory Pressure Limit: 5 to 80 ±5 cmH2O\r\nInspiratory Time: Adaptive Time or 0.2 to 3 ±10% sec\r\nPeak Flow (PIF): Adaptive Flow or to 120 ±10% L/min Spontaneous to 180 ±10% L/min\r\nOxygen Mix (FiO2 ): 21% to 100% ±10% of the set value or ±3% absolute, whichever is greater\r\nPEEP: 0 to 40 ±1 cmH2O or ±10%, whichever is greater\r\nTrigger Sensitivity: 1 to 20 L/min Flow, Off – 0.5 to – 20 cmH2O Pressure, Off\r\nPSV: 0 to 60 ±10% cmH2O\r\nPositive Pressure Relief Valve: 80 cmH2O\r\nPneumatic Nebulizer: 5 to 240 minutes\r\nControlled Pressure: 5 to 80 cmH2O ±5 cmH2O\r\nFiO2 at Power up: 21%, 40%, 60%, 100% (configurable)\r\nConfigurable Humidifier Setting (Purging Cycle): HME (10 minutes), Heated (1 minute), Off\r\nHigh-pressure supply: 40 to 75 psi (2.8 to 5.1 bar)\r\nLow pressure: Max 15 L/min or 0.5 psi', '1763377122_GE Versamed iVent 201.jpg', '2025-11-17 10:58:42', NULL),
(67, 38, 'Getinge Maquet Servo-S', 'The Getinge Maquet Servo-s ventilator features a wide range of ventilation modes that can be tailored to specific clinical situations. The Servo-s has a large intuitive user-interface that provides valuable decision-support information. This Maquet ventilator has been designed for both shelf mounting and in-hospital transport with a mobile cart. It supports invasive and non-invasive ventilation with leakage compensation for non-invasive ventilation modes for all patient types. If you’re looking for a similar model try the Servo-i ventilator.', 680000.00, 'Height: 20.5” (52 cm)\r\nWidth: 15” (38 cm)\r\nDepth: 11.8” (30 cm)\r\nWeight: 44 lbs (20 kg)\r\nInspiratory tidal volume (ml): 100–2000\r\nInspiratory minute volume (l/min): 0.5–60\r\nApnea, time to alarm (s): 15–45\r\nPC/PS above PEEP (cmH2O): 0–(120 – PEEP)\r\nPC/PS above PEEP in NIV (cmH2O): 0–(62 – PEEP)\r\nPEEP (cmH2O): 0–50\r\nPEEP in NIV (cmH2O): 2–20\r\nCMV frequency (breaths/min): 4–100\r\nSIMV frequency (breaths/min): 1–60\r\nBreath cycle time, SIMV (s): 1–15\r\nPHigh (cmH20): (PEEP + 1)–50\r\nTHigh (s): 0.2–30\r\nTPEEP (s): 0.1–10\r\nO2 concentration (%): 21–100\r\nI:E ratio: 1:10–4:1\r\nTInsp (s): 0.1–5\r\nTPause (% of breath cycle time): 0–30\r\nFlow trigger sensitivity level: 0–10\r\nPress. trigg sensitivity (cmH2O): -20–0\r\nInsp. rise time (% of breath cycle time): 0–20\r\nInsp. rise time (s): 0–0.4\r\nEnd inspiration (% of peak flow): 1–70\r\nEnd inspiration in NIV (% of peak flow): 10–70\r\nOxygen Breaths: 100% for 1 minute\r\nStart Breath: Initiation of 1 breath (In SIMV mode initiation of 1 mandatory breath)\r\nPause Hold: Insp. or exp (0–30 seconds)', '1763377203_Getinge Maquet Servo-S.jpg', '2025-11-17 11:00:03', NULL),
(68, 38, 'Maquet Servo-n', 'The Maquet Servo-N is a neonatal ventilator. The Servo-N System helps provide ventilation support to the neonate while protecting the lungs, brain and other developing organs of the baby. offering both invasive and non-invasive ventilation with a variety of different modes, along with monitoring and diagnostic feature can improve the quality of breathing for the baby, allowing it to rest and grow. through the Servo- N you can monitor the Newborn’s respiratory rate, small tidal volumes, irregular breathing patterns and short inspiratory times.', 325.00, 'Height (Includes user interface): 32.5 in (82.6 cm)\r\nWidth: 14.4 In (36.8 cm)\r\nDepth: 8.1 In (20.5 cm)\r\nApprox. 77 lb 3 oz (35 kg)\r\nBase system approx. 50 lb 11 oz (23 kg)\r\nMobile cart 27 lb 9 oz (12.5 kg)\r\n', '1763377298_Maquet Servo-n.jpg', '2025-11-17 11:01:38', NULL),
(69, 38, 'Siemens Maquet Servo-i', 'The Maquet Servo I ventilation system can be used on a variety of patients from neonatal, pediatric, and adults. It has the ability to handle the most acute phases of respiratory distress, through recovery, and to the waning phases of the ventilation process. The Servo-i continuously delivers outstanding ventilator treatment as gently as possible. This is in part to the performance, monitoring capabilities, treatment options, and tools that this ventilator offers. Since this ventilator can be used on a wide variety of patients, it is suitable for most environments from the ICU to the NICU department. The Maquet Servo-i ventilator allows you to choose the treatment option based on your patients’ needs without having to worry about the ventilator’s capabilities.\r\n\r\nServo-i supports both invasive and non-invasive ventilation. It combines the highest level of clinical performance with outstanding mobility and cost-efficiency. Ease of training, operation, and maintenance, as well as flexibility and modularity, ensures a low life-cycle cost. The economic benefits in operating this modular platform are considerable: there is no need to scrap and reinvest for different patient categories and situations.', 1200000.00, 'Height: 51.8 In (131.5 cm)\r\nWidth: 22 In (56 cm)\r\nDepth: 25.2 In (64 cm)\r\nWeight: 44.1 lbs (20 kg)\r\nPressure drop: Max. 3 cmH2O at a flow of 1 l/s\r\nInternal compressible factor: Max. 0.1 ml/cmH2O\r\nPEEP regulation: Microprocessor controlled valve\r\nRise Time, Expiratory Flow Measurement: <12 ms for 10 – 90 % response at flow of 0.05 – 3.2 l/s\r\nExpiratory flow range: 0 to 3.2 l/s\r\nOperating temperature: +10 to +40ºC\r\nRelative humidity: 15 to 95% non-condensing\r\nAtmospheric pressure: 660 to 1060 hPa\r\nLowest pressure in breathing system: –400 cmH2O', '1763377383_Siemens Maquet Servo-i.jpg', '2025-11-17 11:03:03', NULL),
(70, 38, 'Vyaire CareFusion Viasys Vela', 'The Vyarie Carefusion Vaisys Vela is a ventilation system that offers both non-invasive and invasive means of ventilation for adult and pediatric patients. The Vela is a High-performance ventilator that is perfect for a variety of settings from emergency rooms, ICU, and even long-term care. The Vyaire Vela is available in different modes and can be customized to your specific ventilation needs. Its precise controlled gas delivery and active exhaust give you the precise treatment that is needed for each patient. The Vyarie Ventilator comes with a collar LCD touchscreen and simplified controls make it easier to use.', 360000.00, 'Height: 10.5 in (26.7 cm)\r\nWidth: 17 in (43.2 cm)\r\nDepth: 16 in (40.6 cm)\r\nStorage Temperature: -20° to 60° C (-4° to 140° F)\r\nOperating Temperature: 5° to 40° C (41° to 104° F)\r\nBarometric pressure: 760 to 545 mmHg\r\nMode type: A/C, SIMV, CPAP/PSV, NPPV (AC, SIMV, CPAP/PSV), PRVC\r\nBreath type: Volume, pressure, APRV/BiPhasic\r\nApnea backup: Volume, pressure', '1763377494_Vyaire CareFusion Viasys Vela.jpg', '2025-11-17 11:04:54', NULL),
(71, 40, 'Philips IntelliVue MP30', 'The Philips IntelliVue MP30 is a compact patient monitor that can provide basic measurements and vital signs. The IntelliVue MP30 can also be connected to the Philips Muli-Measurement Modules. The parameters the MP30 offers include; capnography, 12-lead ECG, non-invasive and invasive blood pressure, respiration, SpO2, temperature, BIS, and cardiac output. The patient monitor features a flexible screen that allows for customizable configurations and touch screen navigation.', 350000.00, 'Height: 11 in (275mm)\r\nWidth: 113.6 in (345 mm)\r\nDepth: 9 in (230 mm)\r\nweight: 13 lbs\r\nOperating Temperature Range: 0 to 40 °C (32 to 104°F)\r\nOperating when charging battery or when equipped with IntelliVue Instrument Telemetry: 0 to 35 °C (32 to 95 °F)\r\nNon-Operating Temperature Range: -20 to 60 °C (-4 to 140 °F)\r\nBattery Storage Temperature range: -20 to 50 °C (-4 to 122 °F)\r\nOperating Humidity Range: 20% to 85% Relative Humidity (RH) (non condensing)\r\nnon- Operating Humidity Range: 5% to 85% Relative Humidity (RH)\r\nOperating Altitude Range: -500 m to 3000 m (10000 ft)\r\nMomo- Operating Altitude Range: -500 m to 12000 m (40000 ft)', '1763377578_Philips IntelliVue MP30.jpg', '2025-11-17 11:06:18', NULL),
(72, 40, 'Philips IntelliVue MP5', 'The Philips IntelliVue MP5 is a Compact patient monitor that can fit into a wide range of environments. The IntelliVue MP5 patient monitor has an 8.4 ” LCD touch screen display. The display screen offers flexible screen configuration. Showing up to four different waveform measurements simultaneously. The Philips IntelliVue MP5 can measure 12 lead ECG. The MP5 can be connected to an IntelliVue MP20 through an MP90 monitor and can be used like a Multi-Measurement Module (MMS). The system has dedicated configurations for anesthesia, critical and cardiac, and neonatal care.\r\n\r\nCompact, rugged, lightweight monitor with built-in measurements\r\nECG monitoring using any combination of three to 10 electrodes.\r\n12-lead ECG monitoring with five electrodes using the EASI method or with 10 electrodes using the conventional method.\r\nMulti-lead arrhythmia and ST segment analysis at the bedside on all available leads.\r\nRespironics Mainstream or Sidestream CO2.\r\nFAST SpO2 for accurate performance even with low perfusion.\r\nInvasive Pressure and Temperature measurement.\r\nChoice of either auscultatory or intra-arterial measurements as a measurement reference for Non-Invasive Blood Pressure.', 650000.00, 'Height: 9.76″ (24.8 cm)\r\nWidth: 10.2″ (25.9 cm)\r\nDepth: 7.32″ (18.6 cm)\r\nWeight: 8.8 lbs (4 kg)\r\nPower Consumption: < 40W average; < 65W Peak\r\nLine Voltage: 100 to 240 V ~\r\nCurrent: 1.3 to 0.7A\r\nFrequency: 50/60 Hz\r\nType: SVGA\r\nSize: 8.4″ (21.3 cm)\r\nResolution: 800 x 600\r\nRefresh Rate: 60 Hz\r\n\r\nRange: 0 to 150 mmHg (0 to 20.0 kPa)\r\nAccuracy: after 2 minutes warmup: For values between 0 and 40 mmHg:±2.0 mmHg (±0.29 kPa) For values from 41 to 70 mmHg: ±5% of reading For values from 71 to 100 mmHg: ±8% of reading The specifications are valid for standard gas mixtures, balance air, fully hydrated at 35°C, Pabs = 760 mmHg, flow rate = 2 l/min\r\nResolution: Numeric: 1.0 mmHg (0.1 kPa); Wave: 0.1 mmHg (0.01 kPa)\r\nStability: Short-term drift: ±0.8 mmHg over four hours; Long-term drift: Accuracy specification will be maintained over a 120 hour period', '1763377669_Philips IntelliVue MP5.jpg', '2025-11-17 11:07:49', NULL),
(73, 40, 'Philips IntelliVue MP50', 'The Philips IntelliVue MP50 is a patient monitor that offers a flexible screen configuration to view the patient’s vitals. The Philips MP50 can incorporate the Philips Multi-measurement Modules (MMS). With these modules, you can measure 12-lead ECG, arrhythmia analysis, capnography, non-invasive and invasive blood pressure, respiration, cardiac output, temperature, BIS, and SpO2. Along with module configurations that include an anesthesia gas analyzer. The IntelliVue MP50 patient monitor has a 12 inch, touch screen, color LCD Display that can provide high-resolution waveforms and numeric data. The display can show up to 6 waveforms at once. The Patient Monitor has a user interface that makes the IntelliVue fast and easy to operate with color codes information and SmartKey. The system can easily be connected to an intra-hospital network via the IntelliVue portal technology, where the patient’s data can be shared to the network Pharmacy, Laboratory, Radiology, and even an ECG management system.', 900000.00, 'Height: 12.99″ (33 cm)\r\nWidth: 14.37″ (36.5 cm)\r\nDepth: 8.54″ (21.7 cm)\r\nWeight: < 14.8 lbs (8.6 kg)\r\nSize (Diagonal): 12.1″ (30.73 cm)\r\nResoltuion: 800 x 600\r\nRefresh rate: 60 Hz\r\nUseful Screen: 9.6″ x 7.2″ (24.6 x 18.4 cm)\r\nPixel Size: 0.3075 x 0.3075 mm\r\nType: High-power battery M4605A, 10.8 V 6000 mAh Lithium Ion\r\nWeight: 490 g per battery\r\nStatus LEDs indicate charge status of batteries\r\nSafety: complies with UL1642 (UL recognised)\r\nElectromagnetic compatibility: complies with the requirements for FCC Type B computing Device, and EN 61000-4-2 and EN 61000-3\r\nCommunication Standard: complies with the SMBus specification v1.1', '1763377749_Philips IntelliVue MP50.jpg', '2025-11-17 11:09:09', NULL);

-- --------------------------------------------------------

--
-- Table structure for table `sellers`
--

CREATE TABLE `sellers` (
  `id` int(11) NOT NULL,
  `first_name` varchar(100) NOT NULL,
  `last_name` varchar(100) NOT NULL,
  `email` varchar(100) NOT NULL,
  `phone` varchar(20) NOT NULL,
  `address` text NOT NULL,
  `city` varchar(100) NOT NULL,
  `state` varchar(100) NOT NULL,
  `pincode` varchar(20) NOT NULL,
  `about_us` text NOT NULL,
  `about_product` text NOT NULL,
  `image` varchar(255) NOT NULL,
  `created_at` timestamp NOT NULL DEFAULT current_timestamp(),
  `updated_at` timestamp NULL DEFAULT NULL ON UPDATE current_timestamp()
) ENGINE=InnoDB DEFAULT CHARSET=utf8mb4 COLLATE=utf8mb4_general_ci;

--
-- Dumping data for table `sellers`
--

INSERT INTO `sellers` (`id`, `first_name`, `last_name`, `email`, `phone`, `address`, `city`, `state`, `pincode`, `about_us`, `about_product`, `image`, `created_at`, `updated_at`) VALUES
(12, 'Saurabh', 'Kumar', 'saurabhkumarssp@gmail.com', '7705839870', 'Pooranpur', 'Sultanpur', 'Uttar Pradesh', '222302', 'Developer', 'laptop', '1762868007_28532.jpg', '2025-11-11 13:33:27', '2025-11-11 13:36:24'),
(13, 'Saurabh', 'Kumar', 'sk25808900@gmail.com', '6387918051', 'Jagdishpur', 'Sultanpur', 'Uttar Pradesh', '222302', 'hbdr', 'sgd', '1763366546_Screenshot 2025-07-30 121527.png', '2025-11-17 08:02:26', NULL),
(14, 'Saurabh', 'Kumar', 'sk25808900@gmail.com', '+6', 'Jagdishpur', 'Sultanpur', 'Uttar Pradesh', '222302', 'qfwweg', 'erhay34yq', '1763383322_Screenshot 2025-09-04 151216.png', '2025-11-17 12:42:02', NULL);

--
-- Indexes for dumped tables
--

--
-- Indexes for table `admin`
--
ALTER TABLE `admin`
  ADD PRIMARY KEY (`id`);

--
-- Indexes for table `carousel`
--
ALTER TABLE `carousel`
  ADD PRIMARY KEY (`id`);

--
-- Indexes for table `categories`
--
ALTER TABLE `categories`
  ADD PRIMARY KEY (`id`);

--
-- Indexes for table `enquiries`
--
ALTER TABLE `enquiries`
  ADD PRIMARY KEY (`id`);

--
-- Indexes for table `messages`
--
ALTER TABLE `messages`
  ADD PRIMARY KEY (`id`);

--
-- Indexes for table `products`
--
ALTER TABLE `products`
  ADD PRIMARY KEY (`id`),
  ADD KEY `category_id` (`category_id`);

--
-- Indexes for table `sellers`
--
ALTER TABLE `sellers`
  ADD PRIMARY KEY (`id`);

--
-- AUTO_INCREMENT for dumped tables
--

--
-- AUTO_INCREMENT for table `admin`
--
ALTER TABLE `admin`
  MODIFY `id` int(11) NOT NULL AUTO_INCREMENT, AUTO_INCREMENT=2;

--
-- AUTO_INCREMENT for table `carousel`
--
ALTER TABLE `carousel`
  MODIFY `id` int(11) NOT NULL AUTO_INCREMENT, AUTO_INCREMENT=4;

--
-- AUTO_INCREMENT for table `categories`
--
ALTER TABLE `categories`
  MODIFY `id` int(11) NOT NULL AUTO_INCREMENT, AUTO_INCREMENT=51;

--
-- AUTO_INCREMENT for table `enquiries`
--
ALTER TABLE `enquiries`
  MODIFY `id` int(11) NOT NULL AUTO_INCREMENT, AUTO_INCREMENT=18;

--
-- AUTO_INCREMENT for table `messages`
--
ALTER TABLE `messages`
  MODIFY `id` int(11) NOT NULL AUTO_INCREMENT, AUTO_INCREMENT=23;

--
-- AUTO_INCREMENT for table `products`
--
ALTER TABLE `products`
  MODIFY `id` int(11) NOT NULL AUTO_INCREMENT, AUTO_INCREMENT=74;

--
-- AUTO_INCREMENT for table `sellers`
--
ALTER TABLE `sellers`
  MODIFY `id` int(11) NOT NULL AUTO_INCREMENT, AUTO_INCREMENT=15;

--
-- Constraints for dumped tables
--

--
-- Constraints for table `products`
--
ALTER TABLE `products`
  ADD CONSTRAINT `products_ibfk_1` FOREIGN KEY (`category_id`) REFERENCES `categories` (`id`) ON DELETE CASCADE ON UPDATE CASCADE;
COMMIT;

/*!40101 SET CHARACTER_SET_CLIENT=@OLD_CHARACTER_SET_CLIENT */;
/*!40101 SET CHARACTER_SET_RESULTS=@OLD_CHARACTER_SET_RESULTS */;
/*!40101 SET COLLATION_CONNECTION=@OLD_COLLATION_CONNECTION */;
